order_id;order_quantity;item_price;order_value;order_line_nuber;order_date;days_since_last_order;order_status;address_id;customer_id;product_id
10107;30;95700;2871000;2;24.02.2018;828;Shipped;1;1;44
10329;42;104670;4396140;1;15.11.2019;216;Shipped;1;1;44
10121;34;81350;2765900;5;07.05.2018;757;Shipped;2;2;44
10134;41;94740;3884340;2;01.07.2018;703;Shipped;3;3;44
10145;45;83260;3746700;6;25.08.2018;649;Shipped;4;4;44
10168;36;96660;3479760;1;28.10.2018;586;Shipped;5;5;44
10180;29;86130;2497770;9;11.11.2018;573;Shipped;6;6;44
10188;48;114840;5512320;1;18.11.2018;567;Shipped;7;7;44
10211;41;114840;4708440;14;15.01.2019;510;Shipped;8;8;44
10223;37;107180;3965660;1;20.02.2019;475;Shipped;9;9;44
10237;23;101440;2333120;7;05.04.2019;432;Shipped;10;10;44
10251;28;113880;3188640;2;18.05.2019;390;Shipped;11;11;44
10263;34;108140;3676760;2;28.06.2019;350;Shipped;12;12;44
10275;45;92830;4177350;1;23.07.2019;326;Shipped;13;13;44
10375;21;34910;733110;12;03.02.2020;139;Shipped;13;13;44
10285;36;113880;4099680;6;27.08.2019;292;Shipped;14;14;44
10299;23;112930;2597390;9;30.09.2019;259;Shipped;15;15;44
10309;41;107180;4394380;5;15.10.2019;245;Shipped;16;16;44
10318;46;94740;4358040;1;02.11.2019;228;Shipped;17;17;44
10341;41;188730;7737930;9;24.11.2019;208;Shipped;18;18;44
10361;20;72550;1451000;13;17.12.2019;186;Shipped;19;19;44
10388;42;76360;3207120;4;03.03.2020;111;Shipped;20;20;44
10403;24;101440;2434560;7;08.04.2020;76;Shipped;21;21;44
10417;66;113880;7516080;2;13.05.2020;42;Disputed;22;22;44
10107;39;99910;3896490;5;24.02.2018;878;Shipped;1;1;48
10329;20;158800;3176000;2;15.11.2019;266;Shipped;1;1;48
10134;27;122510;3307770;5;01.07.2018;753;Shipped;3;3;48
10145;37;140350;5192950;9;25.08.2018;699;Shipped;4;4;48
10168;27;135590;3660930;4;28.10.2018;636;Shipped;5;5;48
10180;42;111800;4695600;12;11.11.2018;623;Shipped;6;6;48
10188;38;96340;3660920;4;18.11.2018;617;Shipped;7;7;48
10402;45;129640;5833800;1;07.04.2020;127;Shipped;8;8;48
10120;29;96340;2793860;3;29.04.2018;815;Shipped;9;9;48
10223;47;115370;5422390;4;20.02.2019;525;Shipped;9;9;48
10251;44;130830;5756520;5;18.05.2019;440;Shipped;11;11;48
10263;40;111800;4472000;5;28.06.2019;400;Shipped;12;12;48
10275;22;132020;2904440;4;23.07.2019;376;Shipped;13;13;48
10285;47;137970;6484590;9;27.08.2019;342;Shipped;14;14;48
10318;45;123700;5566500;4;02.11.2019;278;Shipped;17;17;48
10361;26;51150;1329900;8;17.12.2019;236;Shipped;19;19;48
10388;50;44510;2225500;5;03.03.2020;161;Shipped;20;20;48
10417;45;130830;5887350;5;13.05.2020;92;Disputed;22;22;48
10374;39;135590;5288010;5;02.02.2020;190;Shipped;27;27;48
10339;40;68920;2756800;4;23.11.2019;259;Shipped;34;34;48
10210;23;130830;3009090;2;12.01.2019;563;Shipped;43;43;48
10236;22;129640;2852080;1;03.04.2019;484;Shipped;44;44;48
10298;39;96340;3757260;1;27.09.2019;312;Shipped;45;45;48
10308;34;118940;4043960;2;15.10.2019;295;Shipped;46;46;48
10107;27;224650;6065550;4;24.02.2018;902;Shipped;1;1;50
10134;31;226580;7023980;4;01.07.2018;777;Shipped;3;3;50
10145;33;156860;5176380;8;25.08.2018;723;Shipped;4;4;50
10168;20;209150;4183000;3;28.10.2018;660;Shipped;5;5;50
10180;41;216900;8892900;11;11.11.2018;647;Shipped;6;6;50
10188;45;193660;8714700;3;18.11.2018;641;Shipped;7;7;50
10120;46;201410;9264860;2;29.04.2018;839;Shipped;9;9;50
10223;49;199470;9774030;3;20.02.2019;549;Shipped;9;9;50
10237;39;180100;7023900;9;05.04.2019;506;Shipped;10;10;50
10251;43;164610;7078230;4;18.05.2019;464;Shipped;11;11;50
10263;41;203340;8336940;4;28.06.2019;424;Shipped;12;12;50
10275;36;191720;6901920;3;23.07.2019;400;Shipped;13;13;50
10285;27;201410;5438070;8;27.08.2019;366;Shipped;14;14;50
10299;29;230460;6683340;11;30.09.2019;333;Shipped;15;15;50
10210;34;180100;6123400;1;12.01.2019;587;Shipped;43;43;50
10308;20;228520;4570400;1;15.10.2019;319;Shipped;46;46;50
10318;37;207220;7667140;3;02.11.2019;302;Shipped;17;17;50
10329;26;225700;5868200;3;15.11.2019;290;Shipped;1;1;50
10339;39;76670;2990130;3;23.11.2019;283;Shipped;34;34;50
10362;22;166550;3664100;4;05.01.2020;241;Shipped;5;5;50
10374;22;174290;3834380;1;02.02.2020;214;Shipped;27;27;50
10388;21;86770;1822170;7;03.03.2020;185;Shipped;20;20;50
10403;66;180100;11886600;9;08.04.2020;150;Shipped;21;21;50
10417;56;164610;9218160;4;13.05.2020;116;Disputed;22;22;50
10140;37;199300;7374100;11;24.07.2018;705;Shipped;5;5;37
10347;30;131490;3944700;1;29.11.2019;229;Shipped;9;9;37
10103;26;207870;5404620;11;29.01.2018;878;Shipped;16;16;37
10270;21;233590;4905390;9;19.07.2019;356;Shipped;19;19;37
10424;50;240020;12001000;6;31.05.2020;50;In Process;22;22;37
10112;29;248590;7209110;1;24.03.2018;825;Shipped;23;23;37
10126;38;192870;7329060;11;28.05.2018;761;Shipped;24;24;37
10150;45;244300;10993500;8;19.09.2018;649;Shipped;25;25;37
10163;21;231440;4860240;1;20.10.2018;619;Shipped;26;26;37
10174;34;235730;8014820;4;06.11.2018;603;Shipped;27;27;37
10183;23;233590;5372570;8;13.11.2018;597;Shipped;28;28;37
10194;42;173580;7290360;11;25.11.2018;586;Shipped;29;29;37
10206;47;192870;9064890;6;05.12.2018;577;Shipped;30;30;37
10215;35;173580;6075300;3;29.01.2019;523;Shipped;31;31;37
10228;29;222870;6463230;2;10.03.2019;484;Shipped;32;32;37
10245;34;180010;6120340;9;04.05.2019;430;Shipped;33;33;37
10258;32;240020;7680640;6;15.06.2019;389;Shipped;34;34;37
10280;34;235730;8014820;2;17.08.2019;328;Shipped;35;35;37
10291;37;192870;7136190;11;08.09.2019;307;Shipped;36;36;37
10304;47;216440;10172680;6;11.10.2019;275;Shipped;37;37;37
10312;48;242160;11623680;3;21.10.2019;266;Shipped;38;38;37
10357;32;177870;5691840;10;10.12.2019;219;Shipped;38;38;37
10322;40;150010;6000400;1;04.11.2019;253;Shipped;39;39;37
10369;41;110120;4514920;2;20.01.2020;179;Shipped;40;40;37
10391;24;100690;2416560;4;09.03.2020;131;Shipped;41;41;37
10411;23;180010;4140230;9;01.05.2020;79;Shipped;42;42;37
10105;50;144160;7208000;2;11.02.2018;939;Shipped;47;47;22
10119;46;108800;5004800;11;28.04.2018;864;Shipped;18;18;22
10129;33;133280;4398240;2;12.06.2018;820;Shipped;48;48;22
10143;49;114240;5597760;15;10.08.2018;762;Shipped;49;49;22
10155;32;141440;4526080;13;06.10.2018;706;Shipped;15;15;22
10167;44;134640;5924160;9;23.10.2018;690;Cancelled;36;36;22
10178;24;145520;3492480;12;08.11.2018;675;Shipped;50;50;22
10186;26;148240;3854240;9;14.11.2018;670;Shipped;51;51;22
10197;45;118320;5324400;6;26.11.2018;659;Shipped;52;52;22
10222;49;122400;5997600;12;19.02.2019;575;Shipped;53;53;22
10248;20;145520;2910400;3;07.05.2019;499;Cancelled;1;1;22
10261;27;125120;3378240;1;17.06.2019;459;Shipped;42;42;22
10273;30;116960;3508800;4;21.07.2019;426;Shipped;54;54;22
10283;25;119680;2992000;6;20.08.2019;397;Shipped;55;55;22
10295;24;142800;3427200;1;10.09.2019;377;Shipped;56;56;22
10307;22;122400;2692800;9;14.10.2019;344;Shipped;28;28;22
10316;33;125120;4128960;17;01.11.2019;327;Shipped;57;57;22
10325;47;64930;3051710;6;05.11.2019;324;Shipped;16;16;22
10337;25;48050;1201250;8;21.11.2019;309;Shipped;26;26;22
10350;26;75470;1962220;5;02.12.2019;299;Shipped;22;22;22
10359;48;54680;2624640;6;15.12.2019;287;Shipped;2;2;22
10373;39;103750;4046250;3;31.01.2020;241;Shipped;58;58;22
10395;32;105330;3370560;2;17.03.2020;196;Shipped;3;3;22
10400;64;150960;9661440;9;01.04.2020;182;Shipped;59;59;22
10414;19;145520;2764880;3;06.05.2020;148;On Hold;56;56;22
10103;42;128530;5398260;4;29.01.2018;977;Shipped;16;16;29
10114;31;138880;4305280;8;01.04.2018;916;Shipped;60;60;29
10126;22;152170;3347740;4;28.05.2018;860;Shipped;24;24;29
10140;26;122620;3188120;4;24.07.2018;804;Shipped;5;5;29
10150;20;159560;3191200;1;19.09.2018;748;Shipped;25;25;29
10164;21;168420;3536820;2;21.10.2018;717;Resolved;61;61;29
10175;33;162510;5362830;9;06.11.2018;702;Shipped;48;48;29
10183;28;122620;3433360;1;13.11.2018;696;Shipped;28;28;29
10194;26;163990;4263740;4;25.11.2018;685;Shipped;29;29;29
10207;31;131490;4076190;15;09.12.2018;672;Shipped;62;62;29
10217;48;146260;7020480;4;04.02.2019;616;Shipped;63;63;29
10229;50;128530;6426500;9;11.03.2019;582;Shipped;38;38;29
10245;28;163990;4591720;2;04.05.2019;529;Shipped;33;33;29
10259;26;155130;4033380;12;15.06.2019;488;Shipped;63;63;29
10270;32;134440;4302080;2;19.07.2019;455;Shipped;19;19;29
10281;44;159560;7020640;9;19.08.2019;425;Shipped;17;17;29
10291;30;128530;3855900;4;08.09.2019;406;Shipped;36;36;29
10305;38;175810;6680780;13;13.10.2019;372;Shipped;14;14;29
10313;40;166950;6678000;7;22.10.2019;364;Shipped;30;30;29
10322;46;61990;2851540;8;04.11.2019;352;Shipped;39;39;29
10334;26;122620;3188120;2;19.11.2019;338;On Hold;23;23;29
10347;27;164000;4428000;2;29.11.2019;329;Shipped;9;9;29
10357;43;134440;5780920;9;10.12.2019;319;Shipped;38;38;29
10370;35;65630;2297050;4;20.01.2020;279;Shipped;41;41;29
10391;37;46900;1735300;7;09.03.2020;231;Shipped;41;41;29
10411;27;163990;4427730;2;01.05.2020;179;Shipped;42;42;29
10425;38;155130;5894940;12;31.05.2020;150;In Process;13;13;29
10108;33;159550;5265150;6;03.03.2018;971;Shipped;64;64;35
10122;42;180950;7599900;10;08.05.2018;906;Shipped;65;65;35
10135;42;190680;8008560;7;02.07.2018;852;Shipped;38;38;35
10147;48;192620;9245760;7;05.09.2018;788;Shipped;40;40;35
10169;30;167330;5019900;2;04.11.2018;729;Shipped;41;41;35
10181;27;200410;5411070;14;12.11.2018;722;Shipped;7;7;35
10191;21;182900;3840900;3;20.11.2018;715;Shipped;66;66;35
10203;20;196520;3930400;8;02.12.2018;704;Shipped;22;22;35
10211;41;182900;7498900;2;15.01.2019;661;Shipped;8;8;35
10225;27;167330;4517910;9;22.02.2019;624;Shipped;67;67;35
10238;28;206240;5774720;3;09.04.2019;579;Shipped;47;47;35
10253;24;163440;3922560;13;01.06.2019;527;Cancelled;21;21;35
10266;44;208190;9160360;14;06.07.2019;493;Shipped;68;68;35
10276;50;192620;9631000;3;02.08.2019;467;Shipped;69;69;35
10287;21;163440;3432240;12;30.08.2019;440;Shipped;67;67;35
10300;33;167330;5521890;5;04.10.2018;771;Shipped;70;70;35
10310;33;210140;6934620;10;16.10.2019;395;Shipped;66;66;35
10320;31;221810;6876110;3;03.11.2019;378;Shipped;23;23;35
10329;41;71470;2930270;5;15.11.2019;367;Shipped;1;1;35
10341;45;79650;3584250;2;24.11.2019;359;Shipped;18;18;35
10363;33;85390;2817870;3;06.01.2020;317;Shipped;71;71;35
10375;45;76000;3420000;7;03.02.2020;290;Shipped;13;13;35
10389;26;99040;2575040;4;03.03.2020;262;Shipped;36;36;35
10419;12;163440;1961280;13;17.05.2020;188;Shipped;18;18;35
10105;41;211960;8690360;15;11.02.2018;1015;Shipped;47;47;36
10117;33;182860;6034380;9;16.04.2018;952;Shipped;25;25;36
10127;46;245200;11279200;2;03.06.2018;905;Shipped;72;72;36
10142;33;243130;8023290;12;08.08.2018;840;Shipped;38;38;36
10153;20;245200;4904000;11;28.09.2018;790;Shipped;22;22;36
10165;44;195330;8594520;3;22.10.2018;767;Shipped;25;25;36
10176;33;226500;7474500;2;06.11.2018;753;Shipped;68;68;36
10185;21;184940;3883740;13;14.11.2018;746;Shipped;49;49;36
10196;47;189100;8887700;5;26.11.2018;735;Shipped;33;33;36
10208;46;187020;8602920;13;02.01.2019;699;Shipped;29;29;36
10220;32;224420;7181440;2;12.02.2019;659;Shipped;73;73;36
10231;42;199490;8378580;2;19.03.2019;625;Shipped;74;74;36
10247;44;241050;10606200;2;05.05.2019;579;Shipped;71;71;36
10272;35;166240;5818400;2;20.07.2019;504;Shipped;17;17;36
10282;41;172470;7071270;5;20.08.2019;474;Shipped;38;38;36
10293;46;182860;8411560;8;09.09.2019;455;Shipped;35;35;36
10306;31;211960;6570760;13;14.10.2019;421;Shipped;75;75;36
10314;38;209880;7975440;5;22.10.2019;414;Shipped;76;76;36
10325;42;64000;2688000;8;05.11.2019;401;Shipped;16;16;36
10336;33;57220;1888260;10;20.11.2019;387;Shipped;60;60;36
10348;48;52360;2513280;8;01.11.2019;407;Shipped;24;24;36
10359;42;113440;4764480;8;15.12.2019;364;Shipped;2;2;36
10371;32;111270;3560640;6;23.01.2020;326;Shipped;38;38;36
10382;34;112460;3823640;10;17.02.2020;302;Shipped;38;38;36
10395;33;69120;2280960;1;17.03.2020;274;Shipped;3;3;36
10413;36;241050;8677800;2;05.05.2020;226;Shipped;12;12;36
10103;27;125740;3394980;8;29.01.2018;1054;Shipped;16;16;85
10113;21;162640;3415440;2;26.03.2018;999;Shipped;38;38;85
10126;21;116170;2439570;8;28.05.2018;937;Shipped;24;24;85
10140;38;127100;4829800;8;24.07.2018;881;Shipped;5;5;85
10150;30;136670;4100100;5;19.09.2018;825;Shipped;25;25;85
10164;49;133940;6563060;6;21.10.2018;794;Resolved;61;61;85
10174;43;158540;6817220;1;06.11.2018;779;Shipped;27;27;85
10183;41;150340;6163940;5;13.11.2018;773;Shipped;28;28;85
10194;38;129840;4933920;8;25.11.2018;762;Shipped;29;29;85
10206;28;144870;4056360;3;05.12.2018;753;Shipped;30;30;85
10216;43;133940;5759420;1;02.02.2019;695;Shipped;37;37;85
10229;25;138040;3451000;13;11.03.2019;659;Shipped;38;38;85
10245;38;155800;5920400;6;04.05.2019;606;Shipped;33;33;85
10258;41;162640;6668240;3;15.06.2019;565;Shipped;34;34;85
10270;28;146240;4094720;6;19.07.2019;532;Shipped;19;19;85
10281;25;117540;2938500;13;19.08.2019;502;Shipped;17;17;85
10291;41;155800;6387800;8;08.09.2019;483;Shipped;36;36;85
10304;39;164000;6396000;3;11.10.2019;451;Shipped;37;37;85
10313;21;127100;2669100;11;22.10.2019;441;Shipped;30;30;85
10322;27;177190;4784130;9;04.11.2019;429;Shipped;39;39;85
10347;29;123670;3586430;3;29.11.2019;405;Shipped;9;9;85
10357;49;121640;5960360;8;10.12.2019;395;Shipped;38;38;85
10370;49;172860;8470140;8;20.01.2020;355;Shipped;41;41;85
10391;39;63200;2464800;9;09.03.2020;307;Shipped;41;41;85
10411;40;155800;6232000;6;01.05.2020;255;Shipped;42;42;85
10424;49;162640;7969360;3;31.05.2020;226;In Process;22;22;85
10107;21;144600;3036600;1;24.02.2018;1054;Shipped;1;1;49
10121;50;165680;8284000;4;07.05.2018;983;Shipped;2;2;49
10134;20;135560;2711200;1;01.07.2018;929;Shipped;3;3;49
10145;49;170200;8339800;5;25.08.2018;875;Shipped;4;4;49
10169;35;132550;4639250;13;04.11.2018;805;Shipped;41;41;49
10180;40;168690;6747600;8;11.11.2018;799;Shipped;6;6;49
10189;28;161160;4512480;1;18.11.2018;793;Shipped;4;4;49
10211;36;132550;4771800;13;15.01.2019;736;Shipped;8;8;49
10224;43;141580;6087940;6;21.02.2019;700;Shipped;6;6;49
10237;32;131040;4193280;6;05.04.2019;658;Shipped;10;10;49
10251;46;164180;7552280;1;18.05.2019;616;Shipped;11;11;49
10263;48;134050;6434400;1;28.06.2019;576;Shipped;12;12;49
10276;43;120500;5181500;14;02.08.2019;542;Shipped;69;69;49
10285;49;140080;6863920;5;27.08.2019;518;Shipped;14;14;49
10299;24;173210;4157040;8;30.09.2019;485;Shipped;15;15;49
10309;26;179240;4660240;4;15.10.2019;471;Shipped;16;16;49
10319;30;137060;4111800;9;03.11.2019;453;Shipped;77;77;49
10329;24;147610;3542640;6;15.11.2019;442;Shipped;1;1;49
10341;55;147610;8118550;8;24.11.2019;434;Shipped;18;18;49
10362;22;176230;3877060;1;05.01.2020;393;Shipped;5;5;49
10375;49;78920;3867080;13;03.02.2020;365;Shipped;13;13;49
10388;44;135260;5951440;6;03.03.2020;337;Shipped;20;20;49
10403;66;131040;8648640;6;08.04.2020;302;Shipped;21;21;49
10417;21;164180;3447780;1;13.05.2020;268;Disputed;22;22;49
10104;34;175250;5958500;1;31.01.2018;1102;Shipped;22;22;31
10117;43;137480;5911640;10;16.04.2018;1028;Shipped;25;25;31
10127;46;160140;7366440;3;03.06.2018;981;Shipped;72;72;31
10142;33;151080;4985640;13;08.08.2018;916;Shipped;38;38;31
10153;42;128420;5393640;12;28.09.2018;866;Shipped;22;22;31
10165;34;143530;4880020;4;22.10.2018;843;Shipped;25;25;31
10176;47;178270;8378690;3;06.11.2018;829;Shipped;68;68;31
10185;33;122370;4038210;14;14.11.2018;822;Shipped;49;49;31
10196;24;158630;3807120;6;26.11.2018;811;Shipped;33;33;31
10208;26;120860;3142360;14;02.01.2019;775;Shipped;29;29;31
10220;30;157120;4713600;3;12.02.2019;735;Shipped;73;73;31
10230;43;163170;7016310;1;15.03.2019;705;Shipped;70;70;31
10247;25;175250;4381250;3;05.05.2019;655;Shipped;71;71;31
10272;27;158630;4283010;3;20.07.2019;580;Shipped;17;17;31
10282;27;161660;4364820;6;20.08.2019;550;Shipped;38;38;31
10293;24;176760;4242240;9;09.09.2019;531;Shipped;35;35;31
10306;34;146550;4982700;14;14.10.2019;497;Shipped;75;75;31
10314;46;138990;6393540;6;22.10.2019;490;Shipped;76;76;31
10324;27;54330;1466910;1;05.11.2019;477;Shipped;10;10;31
10336;33;123010;4059330;11;20.11.2019;463;Shipped;60;60;31
10348;47;102160;4801520;4;01.11.2019;483;Shipped;24;24;31
10358;49;55340;2711660;5;10.12.2019;445;Shipped;22;22;31
10372;40;146550;5862000;4;26.01.2020;399;Shipped;34;34;31
10382;37;110050;4071850;11;17.02.2020;378;Shipped;38;38;31
10413;47;175250;8236750;3;05.05.2020;301;Shipped;12;12;31
10108;45;136230;6130350;4;03.03.2018;1096;Shipped;64;64;17
10122;37;99820;3693340;8;08.05.2018;1031;Shipped;65;65;17
10135;48;125660;6031680;5;02.07.2018;977;Shipped;38;38;17
10147;31;112740;3494940;5;05.09.2018;913;Shipped;40;40;17
10170;47;116270;5464690;4;04.11.2018;854;Shipped;61;61;17
10181;28;102170;2860760;12;12.11.2018;847;Shipped;7;7;17
10191;40;139750;5590000;1;20.11.2018;840;Shipped;66;66;17
10203;20;112740;2254800;6;02.12.2018;829;Shipped;22;22;17
10212;39;126840;4946760;16;16.01.2019;785;Shipped;22;22;17
10225;25;99820;2495500;7;22.02.2019;749;Shipped;67;67;17
10238;29;109220;3167380;1;09.04.2019;704;Shipped;47;47;17
10253;22;109220;2402840;11;01.06.2019;652;Cancelled;21;21;17
10266;22;111570;2454540;12;06.07.2019;618;Shipped;68;68;17
10276;47;116270;5464690;1;02.08.2019;592;Shipped;69;69;17
10287;45;105700;4756500;10;30.08.2019;565;Shipped;67;67;17
10300;29;137400;3984600;3;04.10.2018;896;Shipped;70;70;17
10310;24;129180;3100320;8;16.10.2019;520;Shipped;66;66;17
10320;35;138580;4850300;1;03.11.2019;503;Shipped;23;23;17
10329;46;83630;3846980;13;15.11.2019;492;Shipped;1;1;17
10341;44;95930;4220920;1;24.11.2019;484;Shipped;18;18;17
10363;34;96730;3288820;4;06.01.2020;442;Shipped;71;71;17
10376;35;113920;3987200;1;08.02.2020;410;Shipped;78;78;17
10389;25;72380;1809500;6;03.03.2020;387;Shipped;36;36;17
10419;10;109220;1092200;11;17.05.2020;313;Shipped;18;18;17
10105;29;157450;4566050;14;11.02.2018;1140;Shipped;47;47;34
10117;39;152260;5938140;8;16.04.2018;1077;Shipped;25;25;34
10127;42;193780;8138760;1;03.06.2018;1030;Shipped;72;72;34
10142;46;205890;9470940;11;08.08.2018;965;Shipped;38;38;34
10153;49;143610;7036890;10;28.09.2018;915;Shipped;22;22;34
10165;27;205890;5559030;2;22.10.2018;892;Shipped;25;25;34
10176;50;157450;7872500;1;06.11.2018;878;Shipped;68;68;34
10185;43;183400;7886200;12;14.11.2018;871;Shipped;49;49;34
10196;38;190320;7232160;4;26.11.2018;860;Shipped;33;33;34
10208;20;155720;3114400;12;02.01.2019;824;Shipped;29;29;34
10220;27;186860;5045220;1;12.02.2019;784;Shipped;73;73;34
10231;49;141880;6952120;1;19.03.2019;750;Shipped;74;74;34
10247;27;153990;4157730;1;05.05.2019;704;Shipped;71;71;34
10272;39;204160;7962240;1;20.07.2019;629;Shipped;17;17;34
10282;24;157450;3778800;4;20.08.2019;599;Shipped;38;38;34
10293;45;183400;8253000;7;09.09.2019;580;Shipped;35;35;34
10306;20;181670;3633400;12;14.10.2019;546;Shipped;75;75;34
10314;36;192050;6913800;4;22.10.2019;539;Shipped;76;76;34
10325;24;107650;2583600;1;05.11.2019;526;Shipped;16;16;34
10336;49;63380;3105620;1;20.11.2019;512;Shipped;60;60;34
10349;26;169560;4408560;10;01.12.2019;502;Shipped;72;72;34
10359;49;62090;3042410;5;15.12.2019;489;Shipped;2;2;34
10372;34;174750;5941500;1;26.01.2020;448;Shipped;34;34;34
10382;34;95350;3241900;12;17.02.2020;427;Shipped;38;38;34
10396;33;185130;6109290;3;23.03.2020;393;Shipped;38;38;34
10413;22;153990;3387780;1;05.05.2020;351;Shipped;12;12;34
10108;39;89380;3485820;7;03.03.2018;1146;Shipped;64;64;9
10122;32;63840;2042880;11;08.05.2018;1081;Shipped;65;65;9
10135;24;75010;1800240;8;02.07.2018;1027;Shipped;38;38;9
10147;21;63840;1340640;8;05.09.2018;963;Shipped;40;40;9
10169;36;63840;2298240;3;04.11.2018;904;Shipped;41;41;9
10181;20;81400;1628000;15;12.11.2018;897;Shipped;7;7;9
10191;30;64640;1939200;4;20.11.2018;890;Shipped;66;66;9
10203;44;82990;3651560;9;02.12.2018;879;Shipped;22;22;9
10211;28;92570;2591960;3;15.01.2019;836;Shipped;8;8;9
10225;37;77410;2864170;10;22.02.2019;799;Shipped;67;67;9
10238;20;74210;1484200;4;09.04.2019;754;Shipped;47;47;9
10253;25;90170;2254250;14;01.06.2019;702;Cancelled;21;21;9
10266;35;76610;2681350;15;06.07.2019;668;Shipped;68;68;9
10276;38;83790;3184020;4;02.08.2019;642;Shipped;69;69;9
10287;41;69430;2846630;13;30.08.2019;615;Shipped;67;67;9
10300;22;76610;1685420;6;04.10.2018;946;Shipped;70;70;9
10310;49;81400;3988600;11;16.10.2019;570;Shipped;66;66;9
10320;38;73420;2789960;4;03.11.2019;553;Shipped;23;23;9
10329;33;109320;3607560;14;15.11.2019;542;Shipped;1;1;9
10341;36;93560;3368160;10;24.11.2019;534;Shipped;18;18;9
10363;34;81620;2775080;5;06.01.2020;492;Shipped;71;71;9
10377;24;67830;1627920;5;09.02.2020;459;Shipped;15;15;9
10389;36;70260;2529360;7;03.03.2020;437;Shipped;36;36;9
10419;34;90170;3065780;14;17.05.2020;363;Shipped;18;18;9
10104;41;112580;4615780;9;31.01.2018;1201;Shipped;22;22;81
10115;46;124430;5723780;5;04.04.2018;1139;Shipped;26;26;81
10127;24;106650;2559600;11;03.06.2018;1080;Shipped;72;72;81
10141;21;101910;2140110;5;01.08.2018;1022;Shipped;71;71;81
10151;24;138650;3327600;3;21.09.2018;972;Shipped;58;58;81
10165;48;142200;6825600;12;22.10.2018;942;Shipped;25;25;81
10175;26;136280;3543280;1;06.11.2018;928;Shipped;48;48;81
10184;37;122060;4516220;6;14.11.2018;921;Shipped;79;79;81
10195;49;131540;6445460;6;25.11.2018;911;Shipped;46;46;81
10207;34;99540;3384360;7;09.12.2018;898;Shipped;62;62;81
10219;48;101910;4891680;2;10.02.2019;836;Shipped;80;80;81
10229;36;125610;4521960;1;11.03.2019;808;Shipped;38;38;81
10246;46;110210;5069660;5;05.05.2019;754;Shipped;22;22;81
10259;46;142200;6541200;4;15.06.2019;714;Shipped;63;63;81
10271;31;97170;3012270;5;20.07.2019;680;Shipped;38;38;81
10281;41;127980;5247180;1;19.08.2019;651;Shipped;17;17;81
10292;21;105470;2214870;8;08.09.2019;632;Shipped;1;1;81
10305;38;125610;4773180;5;13.10.2019;598;Shipped;14;14;81
10314;45;137460;6185700;14;22.10.2019;590;Shipped;76;76;81
10324;26;58380;1517880;7;05.11.2019;577;Shipped;10;10;81
10336;38;167700;6372600;3;20.11.2019;563;Shipped;60;60;81
10349;48;109020;5232960;9;01.12.2019;553;Shipped;72;72;81
10358;42;64160;2694720;9;10.12.2019;545;Shipped;22;22;81
10371;49;35710;1749790;4;23.01.2020;502;Shipped;38;38;81
10382;32;66580;2130560;13;17.02.2020;478;Shipped;38;38;81
10412;54;110210;5951340;5;03.05.2020;403;Shipped;22;22;81
10425;33;142200;4692600;4;31.05.2020;376;In Process;13;13;81
10108;36;103640;3731040;3;03.03.2018;1197;Shipped;64;64;16
10122;20;107100;2142000;7;08.05.2018;1132;Shipped;65;65;16
10135;29;97890;2838810;4;02.07.2018;1078;Shipped;38;38;16
10147;33;97890;3230370;4;05.09.2018;1014;Shipped;40;40;16
10170;41;107100;4391100;3;04.11.2018;955;Shipped;61;61;16
10181;36;124370;4477320;11;12.11.2018;948;Shipped;7;7;16
10192;27;131280;3544560;16;20.11.2018;941;Shipped;39;39;16
10203;47;110550;5195850;5;02.12.2018;930;Shipped;22;22;16
10212;33;126680;4180440;15;16.01.2019;886;Shipped;22;22;16
10225;21;127830;2684430;6;22.02.2019;850;Shipped;67;67;16
10239;21;93280;1958880;5;12.04.2019;802;Shipped;58;58;16
10253;41;119770;4910570;10;01.06.2019;753;Cancelled;21;21;16
10266;40;111710;4468400;11;06.07.2019;719;Shipped;68;68;16
10277;28;111710;3127880;1;04.08.2019;691;Shipped;25;25;16
10287;23;116310;2675130;9;30.08.2019;666;Shipped;67;67;16
10300;23;122070;2807610;2;04.10.2018;997;Shipped;70;70;16
10310;25;100190;2504750;7;16.10.2019;621;Shipped;66;66;16
10321;24;124370;2984880;15;04.11.2019;603;Shipped;20;20;16
10329;39;64740;2524860;15;15.11.2019;593;Shipped;1;1;16
10341;55;75200;4136000;7;24.11.2019;585;Shipped;18;18;16
10363;46;88450;4068700;6;06.01.2020;543;Shipped;71;71;16
10377;50;103640;5182000;1;09.02.2020;510;Shipped;15;15;16
10389;47;111570;5243790;8;03.03.2020;488;Shipped;36;36;16
10405;97;93280;9048160;5;14.04.2020;447;Shipped;81;81;16
10419;32;119770;3832640;10;17.05.2020;415;Shipped;18;18;16
10103;35;112000;3920000;10;29.01.2018;1255;Shipped;16;16;80
10113;49;100340;4916660;4;26.03.2018;1200;Shipped;38;38;80
10126;38;101500;3857000;10;28.05.2018;1138;Shipped;24;24;80
10140;32;130670;4181440;10;24.07.2018;1082;Shipped;5;5;80
10150;34;136500;4641000;7;19.09.2018;1026;Shipped;25;25;80
10164;36;99170;3570120;8;21.10.2018;995;Resolved;61;61;80
10174;48;93340;4480320;3;06.11.2018;980;Shipped;27;27;80
10183;21;96840;2033640;7;13.11.2018;974;Shipped;28;28;80
10194;21;93340;1960140;10;25.11.2018;963;Shipped;29;29;80
10206;34;116670;3966780;5;05.12.2018;954;Shipped;30;30;80
10215;46;112000;5152000;2;29.01.2019;900;Shipped;31;31;80
10228;32;105000;3360000;1;10.03.2019;861;Shipped;32;32;80
10245;29;119000;3451000;8;04.05.2019;807;Shipped;33;33;80
10258;41;133000;5453000;5;15.06.2019;766;Shipped;34;34;80
10270;43;96840;4164120;8;19.07.2019;733;Shipped;19;19;80
10280;24;116670;2800080;1;17.08.2019;705;Shipped;35;35;80
10291;41;114340;4687940;10;08.09.2019;684;Shipped;36;36;80
10304;46;98000;4508000;5;11.10.2019;652;Shipped;37;37;80
10312;32;130670;4181440;2;21.10.2019;643;Shipped;38;38;80
10322;22;102320;2251040;10;04.11.2019;630;Shipped;39;39;80
10347;42;49600;2083200;5;29.11.2019;606;Shipped;9;9;80
10357;39;98000;3822000;1;10.12.2019;596;Shipped;38;38;80
10370;27;144870;3911490;1;20.01.2020;556;Shipped;41;41;80
10391;29;85100;2467900;10;09.03.2020;508;Shipped;41;41;80
10411;27;119000;3213000;8;01.05.2020;456;Shipped;42;42;80
10424;54;133000;7182000;5;31.05.2020;427;In Process;22;22;80
10109;26;168430;4379180;4;10.03.2018;1241;Shipped;44;44;24
10122;34;147200;5004800;2;08.05.2018;1183;Shipped;65;65;24
10136;25;145790;3644750;2;04.07.2018;1127;Shipped;50;50;24
10148;23;117480;2702040;13;11.09.2018;1059;Shipped;41;41;24
10161;28;134460;3764880;12;17.10.2018;1024;Shipped;76;76;24
10171;35;128800;4508000;2;05.11.2018;1006;Shipped;42;42;24
10181;44;123140;5418160;6;12.11.2018;1000;Shipped;7;7;24
10192;22;150030;3300660;11;20.11.2018;993;Shipped;39;39;24
10204;42;147200;6182400;17;02.12.2018;982;Shipped;72;72;24
10212;29;144370;4186730;10;16.01.2019;938;Shipped;22;22;24
10225;32;141540;4529280;1;22.02.2019;902;Shipped;67;67;24
10240;41;137290;5628890;3;13.04.2019;853;Shipped;43;43;24
10253;26;117480;3054480;5;01.06.2019;805;Cancelled;21;21;24
10266;21;120310;2526510;6;06.07.2019;771;Shipped;68;68;24
10278;34;137290;4667860;6;06.08.2019;741;Shipped;82;82;24
10287;41;158520;6499320;4;30.08.2019;718;Shipped;67;67;24
10301;37;159940;5917780;8;05.10.2018;1048;Shipped;83;83;24
10310;37;168430;6231910;2;16.10.2019;673;Shipped;66;66;24
10321;41;141540;5803140;10;04.11.2019;655;Shipped;20;20;24
10331;46;139870;6434020;6;17.11.2019;643;Shipped;44;44;24
10342;40;161360;6454400;2;24.11.2019;637;Shipped;9;9;24
10356;43;97600;4196800;8;09.12.2019;623;Shipped;3;3;24
10365;30;87060;2611800;1;07.01.2020;595;Shipped;49;49;24
10377;35;168430;5895050;2;09.02.2020;563;Shipped;15;15;24
10390;36;93770;3375720;14;04.03.2020;540;Shipped;38;38;24
10406;61;137290;8374690;3;15.04.2020;499;Disputed;47;47;24
10419;38;117480;4464240;5;17.05.2020;468;Shipped;18;18;24
10102;39;123290;4808310;2;10.01.2018;1327;Shipped;10;10;103
10125;32;101710;3254720;1;21.05.2018;1197;Shipped;9;9;103
10139;31;102740;3184940;7;16.07.2018;1142;Shipped;19;19;103
10149;50;118150;5907500;4;12.09.2018;1085;Shipped;80;80;103
10173;43;117120;5036160;6;05.11.2018;1032;Shipped;84;84;103
10182;25;87330;2183250;3;12.11.2018;1026;Shipped;38;38;103
10193;28;110960;3106880;7;21.11.2018;1018;Shipped;85;85;103
10205;36;103770;3735720;2;03.12.2018;1007;Shipped;22;22;103
10215;27;89380;2413260;10;29.01.2019;951;Shipped;31;31;103
10227;25;118150;2953750;3;02.03.2019;920;Shipped;29;29;103
10244;40;117120;4684800;7;29.04.2019;863;Shipped;22;22;103
10256;34;95550;3248700;2;08.06.2019;824;Shipped;47;47;103
10280;50;104790;5239500;9;17.08.2019;755;Shipped;35;35;103
10289;38;120210;4567980;2;03.09.2019;739;Shipped;7;7;103
10304;37;95550;3535350;13;11.10.2019;702;Shipped;37;37;103
10312;43;89380;3843340;10;21.10.2019;693;Shipped;38;38;103
10322;43;86300;3710900;14;04.11.2019;680;Shipped;39;39;103
10332;46;95130;4375980;15;17.11.2019;668;Shipped;75;75;103
10346;42;36110;1516620;3;29.11.2019;657;Shipped;82;82;103
10356;50;50180;2509000;9;09.12.2019;648;Shipped;3;3;103
10369;44;210010;9240440;8;20.01.2020;607;Shipped;40;40;103
10380;27;93160;2515320;13;16.02.2020;581;Shipped;22;22;103
10391;35;158540;5548900;2;09.03.2020;560;Shipped;41;41;103
10422;51;95550;4873050;2;30.05.2020;479;In Process;17;17;103
10102;41;50140;2055740;1;10.01.2018;1351;Shipped;10;10;91
10126;42;54990;2309580;17;28.05.2018;1214;Shipped;24;24;91
10139;49;43130;2113370;6;16.07.2018;1166;Shipped;19;19;91
10149;30;58220;1746600;3;12.09.2018;1109;Shipped;80;80;91
10173;48;44210;2122080;5;05.11.2018;1056;Shipped;84;84;91
10182;32;54450;1742400;2;12.11.2018;1050;Shipped;38;38;91
10193;46;53370;2455020;6;21.11.2018;1042;Shipped;85;85;91
10205;48;63610;3053280;1;03.12.2018;1031;Shipped;22;22;91
10215;33;43130;1423290;9;29.01.2019;975;Shipped;31;31;91
10227;31;48520;1504120;2;02.03.2019;944;Shipped;29;29;91
10244;20;58220;1164400;6;29.04.2019;887;Shipped;22;22;91
10256;29;51750;1500750;1;08.06.2019;848;Shipped;47;47;91
10280;27;57680;1557360;8;17.08.2019;779;Shipped;35;35;91
10289;24;56070;1345680;1;03.09.2019;763;Shipped;7;7;91
10304;37;48520;1795240;12;11.10.2019;726;Shipped;37;37;91
10312;25;44210;1105250;9;21.10.2019;717;Shipped;38;38;91
10322;41;57680;2364880;5;04.11.2019;704;Shipped;39;39;91
10332;27;89890;2427030;16;17.11.2019;692;Shipped;75;75;91
10347;21;58950;1237950;7;29.11.2019;681;Shipped;9;9;91
10356;22;72410;1593020;6;09.12.2019;672;Shipped;3;3;91
10369;32;98630;3156160;7;20.01.2020;631;Shipped;40;40;91
10391;42;119000;4998000;3;09.03.2020;583;Shipped;41;41;91
10422;25;51750;1293750;1;30.05.2020;502;In Process;17;17;91
10110;37;146840;5433080;16;18.03.2018;1307;Shipped;75;75;20
10123;26;118220;3073720;2;20.05.2018;1245;Shipped;45;45;20
10137;44;99550;4380200;2;10.07.2018;1195;Shipped;2;2;20
10148;47;124440;5848680;9;11.09.2018;1133;Shipped;41;41;20
10161;43;143110;6153730;8;17.10.2018;1098;Shipped;76;76;20
10172;42;118220;4965240;6;05.11.2018;1080;Shipped;12;12;20
10181;42;129420;5435640;2;12.11.2018;1074;Shipped;7;7;20
10192;29;146840;4258360;7;20.11.2018;1067;Shipped;39;39;20
10204;40;100800;4032000;13;02.12.2018;1056;Shipped;72;72;20
10212;38;118220;4492360;6;16.01.2019;1012;Shipped;22;22;20
10226;38;109510;4161380;4;26.02.2019;972;Shipped;53;53;20
10241;21;119460;2508660;11;13.04.2019;927;Shipped;81;81;20
10253;24;140620;3374880;1;01.06.2019;879;Cancelled;21;21;20
10266;36;144350;5196600;2;06.07.2019;845;Shipped;68;68;20
10278;23;113240;2604520;2;06.08.2019;815;Shipped;82;82;20
10288;20;146840;2936800;14;01.09.2019;790;Shipped;63;63;20
10301;32;107020;3424640;4;05.10.2018;1122;Shipped;83;83;20
10311;29;100800;2923200;9;16.10.2019;747;Shipped;22;22;20
10321;44;102040;4489760;6;04.11.2019;729;Shipped;20;20;20
10331;44;110210;4849240;14;17.11.2019;717;Shipped;44;44;20
10343;36;162470;5848920;4;24.11.2019;711;Shipped;2;2;20
10367;49;56300;2758700;1;12.01.2020;663;Resolved;4;4;20
10378;34;42640;1449760;5;10.02.2020;635;Shipped;22;22;20
10407;59;119460;7048140;11;22.04.2020;564;On Hold;59;59;20
10419;37;140620;5202940;1;17.05.2020;540;Shipped;18;18;20
10106;36;146650;5279400;12;17.02.2018;1361;Shipped;84;84;62
10119;43;160840;6916120;3;28.04.2018;1292;Shipped;18;18;62
10131;21;132460;2781660;4;16.06.2018;1244;Shipped;86;86;62
10143;32;164000;5248000;7;10.08.2018;1190;Shipped;49;49;62
10155;38;171880;6531440;5;06.10.2018;1134;Shipped;15;15;62
10167;43;134040;5763720;1;23.10.2018;1118;Cancelled;36;36;62
10178;42;154540;6490680;4;08.11.2018;1103;Shipped;50;50;62
10186;32;187650;6004800;1;14.11.2018;1098;Shipped;51;51;62
10198;42;178190;7483980;4;27.11.2018;1086;Shipped;64;64;62
10210;31;184500;5719500;17;12.01.2019;1041;Shipped;43;43;62
10222;49;141920;6954080;4;19.02.2019;1004;Shipped;53;53;62
10250;45;181340;8160300;14;11.05.2019;924;Shipped;59;59;62
10262;49;134040;6567960;9;24.06.2019;881;Cancelled;22;22;62
10274;41;164000;6724000;1;21.07.2019;855;Shipped;40;40;62
10284;45;127730;5747850;11;21.08.2019;825;Shipped;83;83;62
10296;36;157690;5676840;7;15.09.2019;801;Shipped;87;87;62
10307;39;189230;7379970;1;14.10.2019;773;Shipped;28;28;62
10316;27;137190;3704130;9;01.11.2019;756;Shipped;57;57;62
10327;25;112190;2804750;6;10.11.2019;748;Resolved;47;47;62
10338;41;137190;5624790;1;22.11.2019;737;Shipped;88;88;62
10351;39;99520;3881280;1;03.12.2019;727;Shipped;48;48;62
10373;28;57550;1611400;4;31.01.2020;669;Shipped;58;58;62
10386;25;54570;1364250;7;01.03.2020;640;Resolved;22;22;62
10398;33;127730;4215090;11;30.03.2020;612;Shipped;2;2;62
10400;34;189230;6433820;1;01.04.2020;611;Shipped;59;59;62
10416;24;181340;4352160;14;10.05.2020;573;Shipped;68;68;62
10100;30;171700;5151000;3;06.01.2018;1429;Shipped;39;39;109
10110;42;144500;6069000;7;18.03.2018;1359;Shipped;75;75;109
10124;21;136000;2856000;6;21.05.2018;1296;Shipped;82;82;109
10149;34;158100;5375400;11;12.09.2018;1183;Shipped;80;80;109
10173;24;146200;3508800;13;05.11.2018;1130;Shipped;84;84;109
10182;44;171700;7554800;10;12.11.2018;1124;Shipped;38;38;109
10193;21;149600;3141600;14;21.11.2018;1116;Shipped;85;85;109
10204;33;178500;5890500;4;02.12.2018;1106;Shipped;72;72;109
10214;30;198900;5967000;7;26.01.2019;1052;Shipped;24;24;109
10227;26;142800;3712800;10;02.03.2019;1018;Shipped;29;29;109
10241;41;185300;7597300;2;13.04.2019;977;Shipped;81;81;109
10280;26;141100;3668600;16;17.08.2019;852;Shipped;35;35;109
10288;32;183600;5875200;5;01.09.2019;838;Shipped;63;63;109
10302;43;170000;7310000;1;06.10.2018;1169;Shipped;21;21;109
10312;48;168300;8078400;17;21.10.2019;790;Shipped;38;38;109
10331;44;74040;3257760;7;17.11.2019;764;Shipped;44;44;109
10344;45;170000;7650000;1;25.11.2019;757;Shipped;65;65;109
10367;37;127130;4703810;3;12.01.2020;710;Resolved;4;4;109
10379;39;138450;5399550;2;10.02.2020;682;Shipped;22;22;109
10407;76;185300;14082800;2;22.04.2020;611;On Hold;59;59;109
10420;37;142800;5283600;5;29.05.2020;575;In Process;19;19;109
10108;38;82390;3130820;2;03.03.2018;1394;Shipped;64;64;8
10122;43;72380;3112340;6;08.05.2018;1329;Shipped;65;65;8
10135;48;79310;3806880;3;02.07.2018;1275;Shipped;38;38;8
10147;26;82390;2142140;3;05.09.2018;1211;Shipped;40;40;8
10170;20;63140;1262800;2;04.11.2018;1152;Shipped;61;61;8
10181;22;73920;1626240;10;12.11.2018;1145;Shipped;7;7;8
10192;45;90860;4088700;15;20.11.2018;1138;Shipped;39;39;8
10203;45;85470;3846150;4;02.12.2018;1127;Shipped;22;22;8
10212;20;66990;1339800;14;16.01.2019;1083;Shipped;22;22;8
10225;47;64680;3039960;5;22.02.2019;1047;Shipped;67;67;8
10239;46;73920;3400320;4;12.04.2019;999;Shipped;58;58;8
10253;23;83930;1930390;9;01.06.2019;950;Cancelled;21;21;8
10266;33;74690;2464770;10;06.07.2019;916;Shipped;68;68;8
10278;29;90860;2634940;10;06.08.2019;886;Shipped;82;82;8
10287;44;82390;3625160;8;30.08.2019;863;Shipped;67;67;8
10300;41;92400;3788400;1;04.10.2018;1194;Shipped;70;70;8
10310;20;91630;1832600;6;16.10.2019;818;Shipped;66;66;8
10321;37;78540;2905980;14;04.11.2019;800;Shipped;20;20;8
10329;29;101890;2954810;9;15.11.2019;790;Shipped;1;1;8
10342;55;65450;3599750;1;24.11.2019;782;Shipped;9;9;8
10363;22;167570;3686540;7;06.01.2020;740;Shipped;71;71;8
10377;31;67760;2100560;4;09.02.2020;707;Shipped;15;15;8
10389;49;79220;3881780;3;03.03.2020;685;Shipped;36;36;8
10405;61;73920;4509120;4;14.04.2020;644;Shipped;81;81;8
10419;39;83930;3273270;9;17.05.2020;612;Shipped;18;18;8
10109;38;116650;4432700;3;10.03.2018;1412;Shipped;44;44;26
10122;31;132290;4100990;1;08.05.2018;1354;Shipped;65;65;26
10136;36;146520;5274720;1;04.07.2018;1298;Shipped;50;50;26
10148;25;169280;4232000;12;11.09.2018;1230;Shipped;41;41;26
10161;48;128030;6145440;11;17.10.2018;1195;Shipped;76;76;26
10171;35;133720;4680200;1;05.11.2018;1177;Shipped;42;42;26
10181;21;156480;3286080;5;12.11.2018;1171;Shipped;7;7;26
10192;47;157900;7421300;10;20.11.2018;1164;Shipped;39;39;26
10204;38;169280;6432640;16;02.12.2018;1153;Shipped;72;72;26
10212;41;118070;4840870;9;16.01.2019;1109;Shipped;22;22;26
10226;24;162170;3892080;7;26.02.2019;1069;Shipped;53;53;26
10240;37;149360;5526320;2;13.04.2019;1024;Shipped;43;43;26
10253;33;135140;4459620;4;01.06.2019;976;Cancelled;21;21;26
10266;49;126600;6203400;5;06.07.2019;942;Shipped;68;68;26
10278;29;129450;3754050;5;06.08.2019;912;Shipped;82;82;26
10287;24;146520;3516480;3;30.08.2019;889;Shipped;67;67;26
10301;47;159320;7488040;7;05.10.2018;1219;Shipped;83;83;26
10310;24;143670;3448080;1;16.10.2019;844;Shipped;66;66;26
10321;25;149360;3734000;9;04.11.2019;826;Shipped;20;20;26
10331;30;32470;974100;8;17.11.2019;814;Shipped;44;44;26
10342;22;143670;3160740;3;24.11.2019;808;Shipped;9;9;26
10356;27;64690;1746630;2;09.12.2019;794;Shipped;3;3;26
10366;34;123760;4207840;3;10.01.2020;763;Shipped;88;88;26
10377;36;120910;4352760;6;09.02.2020;734;Shipped;15;15;26
10390;34;43050;1463700;15;04.03.2020;711;Shipped;38;38;26
10406;48;149360;7169280;2;15.04.2020;670;Disputed;47;47;26
10419;34;135140;4594760;4;17.05.2020;639;Shipped;18;18;26
10104;24;144080;3457920;8;31.01.2018;1477;Shipped;22;22;32
10115;46;160460;7381160;4;04.04.2018;1415;Shipped;26;26;32
10127;45;158820;7146900;10;03.06.2018;1356;Shipped;72;72;32
10141;39;152270;5938530;4;01.08.2018;1298;Shipped;71;71;32
10151;43;165370;7110910;2;21.09.2018;1248;Shipped;58;58;32
10165;29;173550;5032950;11;22.10.2018;1218;Shipped;25;25;32
10176;20;183380;3667600;10;06.11.2018;1204;Shipped;68;68;32
10184;46;160460;7381160;5;14.11.2018;1197;Shipped;79;79;32
10195;27;189930;5128110;5;25.11.2018;1187;Shipped;46;46;32
10207;44;160460;7060240;6;09.12.2018;1174;Shipped;62;62;32
10219;43;196480;8448640;1;10.02.2019;1112;Shipped;80;80;32
10230;49;148990;7300510;8;15.03.2019;1080;Shipped;70;70;32
10246;40;163730;6549200;4;05.05.2019;1030;Shipped;22;22;32
10259;30;189930;5697900;3;15.06.2019;990;Shipped;63;63;32
10271;50;183380;9169000;4;20.07.2019;956;Shipped;38;38;32
10282;23;140810;3238630;13;20.08.2019;926;Shipped;38;38;32
10292;26;175190;4554940;7;08.09.2019;908;Shipped;1;1;32
10305;27;145720;3934440;4;13.10.2019;874;Shipped;14;14;32
10314;42;137530;5776260;13;22.10.2019;866;Shipped;76;76;32
10324;47;153350;7207450;8;05.11.2019;853;Shipped;10;10;32
10336;49;152260;7460740;6;20.11.2019;839;Shipped;60;60;32
10349;38;176830;6719540;8;01.12.2019;829;Shipped;72;72;32
10358;20;121400;2428000;10;10.12.2019;821;Shipped;22;22;32
10371;25;104090;2602250;7;23.01.2020;778;Shipped;38;38;32
10382;25;88000;2200000;5;17.02.2020;754;Shipped;38;38;32
10412;41;163730;6712930;4;03.05.2020;679;Shipped;22;22;32
10425;28;189930;5318040;3;31.05.2020;652;In Process;13;13;32
10100;50;67800;3390000;2;06.01.2018;1529;Shipped;39;39;92
10110;32;50250;1608000;6;18.03.2018;1459;Shipped;75;75;92
10124;42;53880;2262960;5;21.05.2018;1396;Shipped;82;82;92
10149;24;62360;1496640;10;12.09.2018;1283;Shipped;80;80;92
10173;26;57510;1495260;12;05.11.2018;1230;Shipped;84;84;92
10182;38;61150;2323700;9;12.11.2018;1224;Shipped;38;38;92
10193;42;59330;2491860;13;21.11.2018;1216;Shipped;85;85;92
10204;23;71440;1643120;3;02.12.2018;1206;Shipped;72;72;92
10214;21;62960;1322160;6;26.01.2019;1152;Shipped;24;24;92
10227;28;50850;1423800;9;02.03.2019;1118;Shipped;29;29;92
10241;33;72650;2397450;1;13.04.2019;1077;Shipped;81;81;92
10280;25;62960;1574000;15;17.08.2019;952;Shipped;35;35;92
10288;28;61750;1729000;4;01.09.2019;938;Shipped;63;63;92
10303;46;49040;2255840;2;06.10.2019;904;Shipped;79;79;92
10312;30;61150;1834500;16;21.10.2019;890;Shipped;38;38;92
10332;38;84250;3201500;9;17.11.2019;864;Shipped;75;75;92
10344;40;56910;2276400;2;25.11.2019;857;Shipped;65;65;92
10367;45;197440;8884800;4;12.01.2020;810;Resolved;4;4;92
10379;27;49300;1331100;1;10.02.2020;782;Shipped;22;22;92
10407;42;72650;3051300;1;22.04.2020;711;On Hold;59;59;92
10420;36;63570;2288520;4;29.05.2020;675;In Process;19;19;92
10104;29;130090;3772610;12;31.01.2018;1525;Shipped;22;22;83
10114;39;106780;4164420;3;01.04.2018;1466;Shipped;60;60;83
10127;45;139910;6295950;14;03.06.2018;1404;Shipped;72;72;83
10141;47;133780;6287660;8;01.08.2018;1346;Shipped;71;71;83
10151;49;110460;5412540;6;21.09.2018;1296;Shipped;58;58;83
10165;46;130090;5984140;15;22.10.2018;1266;Shipped;25;25;83
10175;48;122730;5891040;4;06.11.2018;1252;Shipped;48;48;83
10184;46;130090;5984140;9;14.11.2018;1245;Shipped;79;79;83
10195;35;103090;3608150;9;25.11.2018;1235;Shipped;46;46;83
10207;43;133780;5752540;10;09.12.2018;1222;Shipped;62;62;83
10229;26;144820;3765320;4;11.03.2019;1131;Shipped;38;38;83
10246;22;98180;2159960;8;05.05.2019;1077;Shipped;22;22;83
10259;34;99410;3379940;7;15.06.2019;1037;Shipped;63;63;83
10271;50;101870;5093500;8;20.07.2019;1003;Shipped;38;38;83
10281;48;120280;5773440;4;19.08.2019;974;Shipped;17;17;83
10292;41;110460;4528860;11;08.09.2019;955;Shipped;1;1;83
10305;36;133780;4816080;8;13.10.2019;921;Shipped;14;14;83
10313;29;117820;3416780;2;22.10.2019;913;Shipped;30;30;83
10324;33;37480;1236840;10;05.11.2019;900;Shipped;10;10;83
10334;46;126410;5814860;6;19.11.2019;887;On Hold;23;23;83
10349;38;137460;5223480;7;01.12.2019;876;Shipped;72;72;83
10358;20;36420;728400;11;10.12.2019;868;Shipped;22;22;83
10370;22;179500;3949000;5;20.01.2020;828;Shipped;41;41;83
10383;27;142370;3843990;11;22.02.2020;796;Shipped;22;22;83
10412;56;98180;5498080;8;03.05.2020;726;Shipped;22;22;83
10425;38;99410;3777580;7;31.05.2020;699;In Process;13;13;83
10101;25;151280;3782000;4;09.01.2018;1573;Shipped;70;70;106
10110;33;116960;3859680;4;18.03.2018;1506;Shipped;75;75;106
10124;42;105520;4431840;3;21.05.2018;1443;Shipped;82;82;106
10149;33;150010;4950330;8;12.09.2018;1330;Shipped;80;80;106
10173;31;144930;4492830;10;05.11.2018;1277;Shipped;84;84;106
10182;20;110600;2212000;7;12.11.2018;1271;Shipped;38;38;106
10193;44;105520;4642880;11;21.11.2018;1263;Shipped;85;85;106
10204;26;123320;3206320;1;02.12.2018;1253;Shipped;72;72;106
10214;27;133490;3604230;4;26.01.2019;1199;Shipped;24;24;106
10227;46;152560;7017760;7;02.03.2019;1165;Shipped;29;29;106
10243;47;130940;6154180;2;26.04.2019;1111;Shipped;62;62;106
10280;37;128400;4750800;13;17.08.2019;999;Shipped;35;35;106
10288;31;123320;3822920;2;01.09.2019;985;Shipped;63;63;106
10304;24;101700;2440800;17;11.10.2019;946;Shipped;37;37;106
10312;31;152560;4729360;14;21.10.2019;937;Shipped;38;38;106
10322;50;250730;12536500;6;04.11.2019;924;Shipped;39;39;106
10332;35;64690;2264150;8;17.11.2019;912;Shipped;75;75;106
10344;30;130940;3928200;3;25.11.2019;905;Shipped;65;65;106
10356;29;125180;3630220;3;09.12.2019;892;Shipped;3;3;106
10367;27;155410;4196070;5;12.01.2020;859;Resolved;4;4;106
10380;40;123290;4931600;10;16.02.2020;825;Shipped;22;22;106
10390;31;98990;3068690;16;04.03.2020;809;Shipped;38;38;106
10409;6;130940;785640;2;23.04.2020;760;Shipped;63;63;106
10420;45;110600;4977000;2;29.05.2020;725;In Process;19;19;106
10103;22;54090;1189980;2;29.01.2018;1577;Shipped;16;16;76
10114;45;68670;3090150;6;01.04.2018;1516;Shipped;60;60;76
10126;43;65020;2795860;2;28.05.2018;1460;Shipped;24;24;76
10140;46;61990;2851540;2;24.07.2018;1404;Shipped;5;5;76
10151;39;69280;2701920;9;21.09.2018;1346;Shipped;58;58;76
10165;31;71100;2204100;18;22.10.2018;1316;Shipped;25;25;76
10175;41;69280;2840480;7;06.11.2018;1302;Shipped;48;48;76
10184;44;60160;2647040;12;14.11.2018;1295;Shipped;79;79;76
10194;45;70490;3172050;2;25.11.2018;1285;Shipped;29;29;76
10207;37;69890;2585930;13;09.12.2018;1272;Shipped;62;62;76
10217;35;61380;2148300;2;04.02.2019;1216;Shipped;63;63;76
10229;28;59550;1667400;7;11.03.2019;1182;Shipped;38;38;76
10246;30;61990;1859700;11;05.05.2019;1128;Shipped;22;22;76
10259;30;49220;1476600;10;15.06.2019;1088;Shipped;63;63;76
10271;25;69280;1732000;11;20.07.2019;1054;Shipped;38;38;76
10281;29;57730;1674170;7;19.08.2019;1025;Shipped;17;17;76
10291;26;57730;1500980;2;08.09.2019;1006;Shipped;36;36;76
10305;41;53480;2192680;11;13.10.2019;972;Shipped;14;14;76
10313;34;52870;1797580;5;22.10.2019;964;Shipped;30;30;76
10322;35;61210;2142350;11;04.11.2019;952;Shipped;39;39;76
10334;34;61380;2086920;1;19.11.2019;938;On Hold;23;23;76
10347;50;136690;6834500;8;29.11.2019;929;Shipped;9;9;76
10357;41;61990;2541590;7;10.12.2019;919;Shipped;38;38;76
10370;22;96860;2130920;7;20.01.2020;879;Shipped;41;41;76
10391;44;38500;1694000;5;09.03.2020;831;Shipped;41;41;76
10412;47;61990;2913530;11;03.05.2020;777;Shipped;22;22;76
10425;19;49220;935180;10;31.05.2020;750;In Process;13;13;76
10106;34;90390;3073260;2;17.02.2018;1585;Shipped;84;84;57
10120;29;71810;2082490;8;29.04.2018;1515;Shipped;9;9;57
10133;49;69270;3394230;3;27.06.2018;1457;Shipped;22;22;57
10145;30;85320;2559600;14;25.08.2018;1399;Shipped;4;4;57
10168;21;70960;1490160;9;28.10.2018;1336;Shipped;5;5;57
10210;50;76880;3844000;7;12.01.2019;1261;Shipped;43;43;57
10223;47;100530;4724910;9;20.02.2019;1223;Shipped;9;9;57
10235;24;76030;1824720;3;02.04.2019;1183;Shipped;55;55;57
10250;27;98840;2668680;4;11.05.2019;1145;Shipped;59;59;57
10263;33;86170;2843610;10;28.06.2019;1098;Shipped;12;12;57
10275;35;90390;3163650;9;23.07.2019;1074;Shipped;13;13;57
10284;31;71810;2226110;1;21.08.2019;1046;Shipped;83;83;57
10297;25;82790;2069750;4;16.09.2019;1021;Shipped;73;73;57
10308;27;82790;2235330;7;15.10.2019;993;Shipped;46;46;57
10318;31;100530;3116430;9;02.11.2019;976;Shipped;17;17;57
10327;45;106260;4781700;8;10.11.2019;969;Resolved;47;47;57
10339;27;104100;2810700;2;23.11.2019;957;Shipped;34;34;57
10353;27;130210;3515670;1;04.12.2019;947;Shipped;86;86;57
10374;42;69270;2909340;2;02.02.2020;888;Shipped;27;27;57
10386;21;74770;1570170;18;01.03.2020;861;Resolved;22;22;57
10398;34;76880;2613920;15;30.03.2020;833;Shipped;2;2;57
10401;42;76030;3193260;3;03.04.2020;830;On Hold;11;11;57
10416;15;98840;1482600;4;10.05.2020;794;Shipped;68;68;57
10107;29;70870;2055230;6;24.02.2018;1601;Shipped;1;1;39
10120;46;58150;2674900;4;29.04.2018;1538;Shipped;9;9;39
10134;30;61780;1853400;6;01.07.2018;1476;Shipped;3;3;39
10145;30;49670;1490100;10;25.08.2018;1422;Shipped;4;4;39
10168;46;61180;2814280;5;28.10.2018;1359;Shipped;5;5;39
10180;25;64200;1605000;13;11.11.2018;1346;Shipped;6;6;39
10188;32;65420;2093440;5;18.11.2018;1340;Shipped;7;7;39
10210;40;49670;1986800;3;12.01.2019;1286;Shipped;43;43;39
10223;28;60570;1695960;5;20.02.2019;1248;Shipped;9;9;39
10236;23;55720;1281560;2;03.04.2019;1207;Shipped;44;44;39
10251;29;61180;1774220;6;18.05.2019;1163;Shipped;11;11;39
10263;34;58750;1997500;6;28.06.2019;1123;Shipped;12;12;39
10275;37;63600;2353200;5;23.07.2019;1099;Shipped;13;13;39
10285;20;49060;981200;10;27.08.2019;1065;Shipped;14;14;39
10298;32;48460;1550720;2;27.09.2019;1035;Shipped;45;45;39
10308;34;52090;1771060;3;15.10.2019;1018;Shipped;46;46;39
10318;42;52700;2213400;5;02.11.2019;1001;Shipped;17;17;39
10329;38;138580;5266040;12;15.11.2019;989;Shipped;1;1;39
10339;30;62160;1864800;1;23.11.2019;982;Shipped;34;34;39
10362;23;49670;1142410;3;05.01.2020;940;Shipped;5;5;39
10374;22;53300;1172600;4;02.02.2020;913;Shipped;27;27;39
10389;39;179000;6981000;5;03.03.2020;884;Shipped;36;36;39
10402;55;55720;3064600;2;07.04.2020;850;Shipped;8;8;39
10417;36;61180;2202480;6;13.05.2020;815;Disputed;22;22;39
10101;26;145130;3773380;1;09.01.2018;1671;Shipped;70;70;108
10110;31;163690;5074390;1;18.03.2018;1604;Shipped;75;75;108
10125;34;190690;6483460;2;21.05.2018;1541;Shipped;9;9;108
10139;41;194060;7956460;8;16.07.2018;1486;Shipped;19;19;108
10149;23;183940;4230620;5;12.09.2018;1429;Shipped;80;80;108
10173;22;156940;3452680;7;05.11.2018;1376;Shipped;84;84;108
10182;21;145130;3047730;4;12.11.2018;1370;Shipped;38;38;108
10193;22;167060;3675320;8;21.11.2018;1362;Shipped;85;85;108
10205;40;187310;7492400;3;03.12.2018;1351;Shipped;22;22;108
10214;50;190690;9534500;1;26.01.2019;1298;Shipped;24;24;108
10227;29;192380;5579020;4;02.03.2019;1264;Shipped;29;29;108
10244;43;138380;5950340;8;29.04.2019;1207;Shipped;22;22;108
10255;24;155250;3726000;1;04.06.2019;1172;Shipped;81;81;108
10280;22;202500;4455000;10;17.08.2019;1099;Shipped;35;35;108
10289;43;192380;8272340;3;03.09.2019;1083;Shipped;7;7;108
10304;20;178880;3577600;14;11.10.2019;1046;Shipped;37;37;108
10312;25;155250;3881250;11;21.10.2019;1037;Shipped;38;38;108
10322;36;161040;5797440;2;04.11.2019;1024;Shipped;39;39;108
10332;24;52670;1264080;1;17.11.2019;1012;Shipped;75;75;108
10347;21;229300;4815300;6;29.11.2019;1001;Shipped;9;9;108
10356;30;148740;4462200;1;09.12.2019;992;Shipped;3;3;108
10367;32;94790;3033280;7;12.01.2020;959;Resolved;4;4;108
10380;21;47180;990780;8;16.02.2020;925;Shipped;22;22;108
10390;26;78110;2030860;7;04.03.2020;909;Shipped;38;38;108
10421;35;155250;5433750;1;29.05.2020;824;In Process;38;38;108
10109;26;121440;3157440;1;10.03.2018;1636;Shipped;44;44;21
10123;46;112200;5161200;3;20.05.2018;1566;Shipped;45;45;21
10137;37;117480;4346760;3;10.07.2018;1516;Shipped;2;2;21
10148;27;130680;3528360;10;11.09.2018;1454;Shipped;41;41;21
10161;23;138600;3187800;9;17.10.2018;1419;Shipped;76;76;21
10172;39;154440;6023160;7;05.11.2018;1401;Shipped;12;12;21
10181;27;143880;3884760;3;12.11.2018;1395;Shipped;7;7;21
10192;38;130680;4965840;8;20.11.2018;1388;Shipped;39;39;21
10204;27;154440;4169880;14;02.12.2018;1377;Shipped;72;72;21
10212;40;122760;4910400;7;16.01.2019;1333;Shipped;22;22;21
10226;24;134640;3231360;5;26.02.2019;1293;Shipped;53;53;21
10241;44;155760;6853440;12;13.04.2019;1248;Shipped;81;81;21
10253;37;139920;5177040;2;01.06.2019;1200;Cancelled;21;21;21
10266;20;141240;2824800;3;06.07.2019;1166;Shipped;68;68;21
10278;39;110880;4324320;3;06.08.2019;1136;Shipped;82;82;21
10287;44;114840;5052960;1;30.08.2019;1113;Shipped;67;67;21
10301;22;146520;3223440;5;05.10.2018;1443;Shipped;83;83;21
10311;43;122760;5278680;10;16.10.2019;1068;Shipped;22;22;21
10321;27;105600;2851200;7;04.11.2019;1050;Shipped;20;20;21
10331;26;64900;1687400;10;17.11.2019;1038;Shipped;44;44;21
10343;25;52320;1308000;3;24.11.2019;1032;Shipped;2;2;21
10366;49;125400;6144600;2;10.01.2020;986;Shipped;88;88;21
10379;29;176800;5127200;5;10.02.2020;956;Shipped;22;22;21
10407;41;155760;6386160;12;22.04.2020;885;On Hold;59;59;21
10419;55;139920;7695600;2;17.05.2020;861;Shipped;18;18;21
10103;27;83070;2242890;12;29.01.2018;1701;Shipped;16;16;102
10112;23;110430;2539890;2;24.03.2018;1648;Shipped;23;23;102
10126;31;90170;2795270;12;28.05.2018;1584;Shipped;24;24;102
10139;46;120560;5545760;1;16.07.2018;1536;Shipped;19;19;102
10150;47;91180;4285460;9;19.09.2018;1472;Shipped;25;25;102
10163;31;107390;3329090;2;20.10.2018;1442;Shipped;26;26;102
10174;46;121570;5592220;5;06.11.2018;1426;Shipped;27;27;102
10183;37;89150;3298550;9;13.11.2018;1420;Shipped;28;28;102
10193;28;93210;2609880;1;21.11.2018;1413;Shipped;85;85;102
10206;37;90170;3336290;7;05.12.2018;1400;Shipped;30;30;102
10215;49;112450;5510050;4;29.01.2019;1346;Shipped;31;31;102
10228;24;104350;2504400;3;10.03.2019;1307;Shipped;32;32;102
10244;30;117520;3525600;1;29.04.2019;1258;Shipped;22;22;102
10257;50;88140;4407000;1;14.06.2019;1213;Shipped;59;59;102
10270;31;96240;2983440;10;19.07.2019;1179;Shipped;19;19;102
10280;46;111440;5126240;3;17.08.2019;1151;Shipped;35;35;102
10291;47;121570;5713790;12;08.09.2019;1130;Shipped;36;36;102
10304;46;100300;4613800;7;11.10.2019;1098;Shipped;37;37;102
10312;37;100300;3711100;4;21.10.2019;1089;Shipped;38;38;102
10322;33;106810;3524730;12;04.11.2019;1076;Shipped;39;39;102
10347;48;100300;4814400;9;29.11.2019;1052;Shipped;9;9;102
10357;41;87130;3572330;6;10.12.2019;1042;Shipped;38;38;102
10369;42;109080;4581360;1;20.01.2020;1002;Shipped;40;40;102
10391;32;45250;1448000;6;09.03.2020;954;Shipped;41;41;102
10423;10;88140;881400;1;30.05.2020;873;In Process;54;54;102
10103;35;57460;2011100;14;29.01.2018;1726;Shipped;16;16;93
10126;46;73700;3390200;14;28.05.2018;1608;Shipped;24;24;93
10139;20;71200;1424000;3;16.07.2018;1560;Shipped;19;19;93
10150;30;49970;1499100;11;19.09.2018;1496;Shipped;25;25;93
10163;48;69960;3358080;4;20.10.2018;1466;Shipped;26;26;93
10173;28;53720;1504160;2;05.11.2018;1451;Shipped;84;84;93
10183;39;68080;2655120;11;13.11.2018;1444;Shipped;28;28;93
10193;24;51840;1244160;3;21.11.2018;1437;Shipped;85;85;93
10206;28;67460;1888880;9;05.12.2018;1424;Shipped;30;30;93
10215;31;58710;1820010;6;29.01.2019;1370;Shipped;31;31;93
10228;45;63710;2866950;5;10.03.2019;1331;Shipped;32;32;93
10244;24;58090;1394160;3;29.04.2019;1282;Shipped;22;22;93
10257;49;53720;2632280;3;14.06.2019;1237;Shipped;59;59;93
10269;32;63080;2018560;1;16.07.2019;1206;Shipped;18;18;93
10280;43;68710;2954530;5;17.08.2019;1175;Shipped;35;35;93
10291;37;50590;1871830;14;08.09.2019;1154;Shipped;36;36;93
10304;24;64960;1559040;9;11.10.2019;1122;Shipped;37;37;93
10312;35;53720;1880200;6;21.10.2019;1113;Shipped;38;38;93
10322;41;29870;1224670;13;04.11.2019;1100;Shipped;39;39;93
10332;26;114580;2979080;17;17.11.2019;1088;Shipped;75;75;93
10347;34;64960;2208640;10;29.11.2019;1077;Shipped;9;9;93
10357;49;70580;3458420;5;10.12.2019;1067;Shipped;38;38;93
10369;28;44210;1237880;6;20.01.2020;1027;Shipped;40;40;93
10392;37;59960;2218520;3;10.03.2020;978;Shipped;61;61;93
10423;31;53720;1665320;3;30.05.2020;898;In Process;54;54;93
10106;41;83440;3421040;18;17.02.2018;1732;Shipped;84;84;66
10119;21;89460;1878660;9;28.04.2018;1663;Shipped;18;18;66
10130;40;96340;3853600;2;16.06.2018;1615;Shipped;89;89;66
10143;46;74840;3442640;13;10.08.2018;1561;Shipped;49;49;66
10155;44;79140;3482160;11;06.10.2018;1505;Shipped;15;15;66
10167;46;73120;3363520;7;23.10.2018;1489;Cancelled;36;36;66
10178;41;81720;3350520;10;08.11.2018;1474;Shipped;50;50;66
10186;32;89460;2862720;7;14.11.2018;1469;Shipped;51;51;66
10197;46;87740;4036040;4;26.11.2018;1458;Shipped;52;52;66
10222;49;94620;4636380;10;19.02.2019;1374;Shipped;53;53;66
10248;21;73980;1553580;1;07.05.2019;1298;Cancelled;1;1;66
10262;32;84300;2697600;15;24.06.2019;1251;Cancelled;22;22;66
10273;34;98060;3334040;2;21.07.2019;1225;Shipped;54;54;66
10283;21;98060;2059260;4;20.08.2019;1196;Shipped;55;55;66
10296;21;96340;2023140;13;15.09.2019;1171;Shipped;87;87;66
10307;31;83440;2586640;7;14.10.2019;1143;Shipped;28;28;66
10316;21;94620;1987020;15;01.11.2019;1126;Shipped;57;57;66
10327;25;45860;1146500;5;10.11.2019;1118;Resolved;47;47;66
10338;28;82580;2312240;3;22.11.2019;1107;Shipped;88;88;66
10350;43;64970;2793710;6;02.12.2019;1098;Shipped;22;22;66
10373;22;86740;1908280;5;31.01.2020;1039;Shipped;58;58;66
10386;37;93010;3441370;5;01.03.2020;1010;Resolved;22;22;66
10398;28;72260;2023280;18;30.03.2020;982;Shipped;2;2;66
10400;30;74840;2245200;7;01.04.2020;981;Shipped;59;59;66
10414;44;73980;3255120;1;06.05.2020;947;On Hold;56;56;66
10103;25;101580;2539500;13;29.01.2018;1776;Shipped;16;16;104
10126;30;97390;2921700;13;28.05.2018;1658;Shipped;24;24;104
10139;20;90060;1801200;2;16.07.2018;1610;Shipped;19;19;104
10150;26;107860;2804360;10;19.09.2018;1546;Shipped;25;25;104
10163;40;122520;4900800;3;20.10.2018;1516;Shipped;26;26;104
10173;31;89010;2759310;1;05.11.2018;1501;Shipped;84;84;104
10183;22;113100;2488200;10;13.11.2018;1494;Shipped;28;28;104
10193;23;120430;2769890;2;21.11.2018;1487;Shipped;85;85;104
10206;30;119380;3581400;8;05.12.2018;1474;Shipped;30;30;104
10215;49;107860;5285140;5;29.01.2019;1420;Shipped;31;31;104
10228;31;102630;3181530;4;10.03.2019;1381;Shipped;32;32;104
10244;29;115190;3340510;2;29.04.2019;1332;Shipped;22;22;104
10257;37;84820;3138340;2;14.06.2019;1287;Shipped;59;59;104
10270;38;125660;4775080;11;19.07.2019;1253;Shipped;19;19;104
10280;29;103670;3006430;4;17.08.2019;1225;Shipped;35;35;104
10291;23;124620;2866260;13;08.09.2019;1204;Shipped;36;36;104
10304;26;85870;2232620;8;11.10.2019;1172;Shipped;37;37;104
10312;38;117290;4457020;5;21.10.2019;1163;Shipped;38;38;104
10322;48;47040;2257920;7;04.11.2019;1150;Shipped;39;39;104
10332;40;39800;1592000;18;17.11.2019;1138;Shipped;75;75;104
10347;45;109960;4948200;11;29.11.2019;1127;Shipped;9;9;104
10357;44;117290;5160760;4;10.12.2019;1117;Shipped;38;38;104
10369;21;94220;1978620;5;20.01.2020;1077;Shipped;40;40;104
10392;29;86920;2520680;2;10.03.2020;1028;Shipped;61;61;104
10423;21;84820;1781220;2;30.05.2020;948;In Process;54;54;104
10105;22;139320;3065040;11;11.02.2018;1788;Shipped;47;47;107
10117;26;136590;3551340;5;16.04.2018;1725;Shipped;25;25;107
10128;41;135220;5544020;2;06.06.2018;1675;Shipped;22;22;107
10142;47;128390;6034330;8;08.08.2018;1613;Shipped;38;38;107
10153;31;117470;3641570;7;28.09.2018;1563;Shipped;22;22;107
10166;43;161180;6930740;2;21.10.2018;1541;Shipped;20;20;107
10177;23;159810;3675630;9;07.11.2018;1525;Shipped;74;74;107
10185;28;122930;3442040;9;14.11.2018;1519;Shipped;49;49;107
10196;49;140690;6893810;1;26.11.2018;1508;Shipped;33;33;107
10208;24;109270;2622480;9;02.01.2019;1472;Shipped;29;29;107
10221;33;133860;4417380;3;18.02.2019;1426;Shipped;54;54;107
10232;22;163910;3606020;6;20.03.2019;1397;Shipped;57;57;107
10248;32;118830;3802560;12;07.05.2019;1350;Cancelled;1;1;107
10273;40;125660;5026400;13;21.07.2019;1276;Shipped;54;54;107
10282;43;155710;6695530;1;20.08.2019;1247;Shipped;38;38;107
10293;24;117470;2819280;4;09.09.2019;1228;Shipped;35;35;107
10306;32;117470;3759040;9;14.10.2019;1194;Shipped;75;75;107
10314;20;136590;2731800;1;22.10.2019;1187;Shipped;76;76;107
10325;24;69120;1658880;9;05.11.2019;1174;Shipped;16;16;107
10336;48;120380;5778240;12;20.11.2019;1160;Shipped;60;60;107
10350;44;117980;5191120;1;02.12.2019;1149;Shipped;22;22;107
10372;28;137960;3862880;3;26.01.2020;1095;Shipped;34;34;107
10383;24;61520;1476480;9;22.02.2020;1069;Shipped;22;22;107
10396;33;159810;5273730;2;23.03.2020;1040;Shipped;38;38;107
10414;41;118830;4872030;12;06.05.2020;997;On Hold;56;56;107
10104;23;198130;4556990;13;31.01.2018;1824;Shipped;22;22;33
10109;46;179500;8257000;5;10.03.2018;1787;Shipped;44;44;33
10114;48;171030;8209440;4;01.04.2018;1766;Shipped;60;60;33
10122;25;143940;3598500;3;08.05.2018;1730;Shipped;65;65;33
10127;22;174420;3837240;15;03.06.2018;1705;Shipped;72;72;33
10136;41;203210;8331610;3;04.07.2018;1675;Shipped;50;50;33
10141;34;142250;4836500;9;01.08.2018;1648;Shipped;71;71;33
10148;32;169340;5418880;14;11.09.2018;1608;Shipped;41;41;33
10151;21;177810;3734010;7;21.09.2018;1599;Shipped;58;58;33
10165;47;186270;8754690;16;22.10.2018;1569;Shipped;25;25;33
10171;39;140550;5481450;3;05.11.2018;1556;Shipped;42;42;33
10175;29;152410;4419890;5;06.11.2018;1556;Shipped;48;48;33
10181;45;140550;6324750;7;12.11.2018;1551;Shipped;7;7;33
10184;28;157490;4409720;10;14.11.2018;1550;Shipped;79;79;33
10192;26;150710;3918460;12;20.11.2018;1545;Shipped;39;39;33
10195;50;152410;7620500;10;25.11.2018;1541;Shipped;46;46;33
10203;48;172730;8291040;1;02.12.2018;1535;Shipped;22;22;33
10207;25;157490;3937250;11;09.12.2018;1529;Shipped;62;62;33
10212;40;138860;5554400;11;16.01.2019;1492;Shipped;22;22;33
10225;43;149020;6407860;2;22.02.2019;1456;Shipped;67;67;33
10229;22;189660;4172520;5;11.03.2019;1440;Shipped;38;38;33
10239;47;150710;7083370;1;12.04.2019;1409;Shipped;58;58;33
10246;36;198130;7132680;9;05.05.2019;1387;Shipped;22;22;33
10253;40;169340;6773600;6;01.06.2019;1361;Cancelled;21;21;33
10259;27;135470;3657690;8;15.06.2019;1348;Shipped;63;63;33
10266;29;165950;4812550;7;06.07.2019;1328;Shipped;68;68;33
10271;20;196430;3928600;9;20.07.2019;1315;Shipped;38;38;33
10278;42;152410;6401220;7;06.08.2019;1299;Shipped;82;82;33
10281;25;167650;4191250;5;19.08.2019;1287;Shipped;17;17;33
10287;36;162570;5852520;5;30.08.2019;1277;Shipped;67;67;33
10292;21;135470;2844870;12;08.09.2019;1269;Shipped;1;1;33
10301;23;174420;4011660;9;05.10.2018;1608;Shipped;83;83;33
10305;37;201510;7455870;9;13.10.2019;1236;Shipped;14;14;33
10310;48;186270;8940960;3;16.10.2019;1234;Shipped;66;66;33
10313;25;182890;4572250;3;22.10.2019;1229;Shipped;30;30;33
10321;33;172730;5700090;11;04.11.2019;1217;Shipped;20;20;33
10324;27;116870;3155490;12;05.11.2019;1217;Shipped;10;10;33
10331;27;154470;4170690;11;17.11.2019;1206;Shipped;44;44;33
10334;20;143940;2878800;3;19.11.2019;1205;On Hold;23;23;33
10342;30;167650;5029500;4;24.11.2019;1201;Shipped;9;9;33
10349;48;154100;7396800;6;01.12.2019;1195;Shipped;72;72;33
10358;32;93490;2991680;12;10.12.2019;1187;Shipped;22;22;33
10366;34;184580;6275720;1;10.01.2020;1157;Shipped;88;88;33
10370;27;56850;1534950;9;20.01.2020;1148;Shipped;41;41;33
10377;39;186270;7264530;3;09.02.2020;1129;Shipped;15;15;33
10383;47;146150;6869050;6;22.02.2020;1117;Shipped;22;22;33
10394;22;152410;3353020;5;15.03.2020;1096;Shipped;22;22;33
10405;55;150710;8289050;1;14.04.2020;1067;Shipped;81;81;33
10412;60;198130;11887800;9;03.05.2020;1049;Shipped;22;22;33
10419;35;169340;5926900;6;17.05.2020;1036;Shipped;18;18;33
10425;28;135470;3793160;8;31.05.2020;1023;In Process;13;13;33
10105;38;113950;4330100;13;11.02.2018;1864;Shipped;47;47;74
10117;21;95800;2011800;7;16.04.2018;1801;Shipped;25;25;74
10128;41;117980;4837180;4;06.06.2018;1751;Shipped;22;22;74
10142;22;97810;2151820;10;08.08.2018;1689;Shipped;38;38;74
10153;29;88740;2573460;9;28.09.2018;1639;Shipped;22;22;74
10165;50;106890;5344500;1;22.10.2018;1616;Shipped;25;25;74
10177;29;105880;3070520;11;07.11.2018;1601;Shipped;74;74;74
10185;49;80670;3952830;11;14.11.2018;1595;Shipped;49;49;74
10196;35;101850;3564750;3;26.11.2018;1584;Shipped;33;33;74
10208;48;116970;5614560;11;02.01.2019;1548;Shipped;29;29;74
10221;23;80670;1855410;5;18.02.2019;1502;Shipped;54;54;74
10232;48;95800;4598400;8;20.03.2019;1473;Shipped;57;57;74
10248;42;121010;5082420;14;07.05.2019;1426;Cancelled;1;1;74
10273;47;115970;5450590;15;21.07.2019;1352;Shipped;54;54;74
10282;36;115970;4174920;3;20.08.2019;1323;Shipped;38;38;74
10293;22;109920;2418240;6;09.09.2019;1304;Shipped;35;35;74
10306;40;91760;3670400;11;14.10.2019;1270;Shipped;75;75;74
10314;23;107900;2481700;3;22.10.2019;1263;Shipped;76;76;74
10326;32;118990;3807680;6;09.11.2019;1246;Shipped;23;23;74
10336;21;106210;2230410;7;20.11.2019;1236;Shipped;60;60;74
10350;41;93040;3814640;2;02.12.2019;1225;Shipped;22;22;74
10372;25;84710;2117750;5;26.01.2020;1171;Shipped;34;34;74
10383;26;128480;3340480;12;22.02.2020;1145;Shipped;22;22;74
10396;24;89750;2154000;4;23.03.2020;1116;Shipped;38;38;74
10414;48;121010;5808480;14;06.05.2020;1073;On Hold;56;56;74
10108;26;68350;1777100;9;03.03.2018;1869;Shipped;64;64;10
10122;21;73170;1536570;13;08.05.2018;1804;Shipped;65;65;10
10135;45;78000;3510000;10;02.07.2018;1750;Shipped;38;38;10
10147;36;86040;3097440;10;05.09.2018;1686;Shipped;40;40;10
10169;32;70760;2264320;5;04.11.2018;1627;Shipped;41;41;10
10181;30;82820;2484600;17;12.11.2018;1620;Shipped;7;7;10
10191;36;94880;3415680;6;20.11.2018;1613;Shipped;66;66;10
10203;33;86040;2839320;11;02.12.2018;1602;Shipped;22;22;10
10211;35;78000;2730000;5;15.01.2019;1559;Shipped;8;8;10
10225;37;95690;3540530;12;22.02.2019;1522;Shipped;67;67;10
10238;41;73170;2999970;6;09.04.2019;1477;Shipped;47;47;10
10252;20;76390;1527800;2;26.05.2019;1431;Shipped;8;8;10
10265;45;86840;3907800;2;02.07.2019;1395;Shipped;85;85;10
10276;38;69960;2658480;6;02.08.2019;1365;Shipped;69;69;10
10287;43;70760;3042680;15;30.08.2019;1338;Shipped;67;67;10
10300;49;78800;3861200;8;04.10.2018;1669;Shipped;70;70;10
10310;27;80410;2171070;13;16.10.2019;1293;Shipped;66;66;10
10319;46;73980;3403080;1;03.11.2019;1276;Shipped;77;77;10
10329;38;59100;2245800;10;15.11.2019;1265;Shipped;1;1;10
10342;25;66740;1668500;5;24.11.2019;1257;Shipped;9;9;10
10363;46;60300;2773800;10;06.01.2020;1215;Shipped;71;71;10
10378;22;112000;2464000;4;10.02.2020;1181;Shipped;22;22;10
10390;40;137290;5491600;9;04.03.2020;1159;Shipped;38;38;10
10103;46;104170;4791820;16;29.01.2018;1925;Shipped;16;16;101
10126;38;82340;3128920;16;28.05.2018;1807;Shipped;24;24;101
10139;30;103180;3095400;5;16.07.2018;1759;Shipped;19;19;101
10149;42;94250;3958500;2;12.09.2018;1702;Shipped;80;80;101
10163;43;116080;4991440;6;20.10.2018;1665;Shipped;26;26;101
10173;29;95240;2761960;4;05.11.2018;1650;Shipped;84;84;101
10182;33;86310;2848230;1;12.11.2018;1644;Shipped;38;38;101
10193;32;79370;2539840;5;21.11.2018;1636;Shipped;85;85;101
10206;28;87300;2444400;11;05.12.2018;1623;Shipped;30;30;101
10215;41;111120;4555920;8;29.01.2019;1569;Shipped;31;31;101
10227;33;111120;3666960;1;02.03.2019;1538;Shipped;29;29;101
10244;36;84330;3035880;5;29.04.2019;1481;Shipped;22;22;101
10257;26;89290;2321540;5;14.06.2019;1436;Shipped;59;59;101
10280;34;102190;3474460;7;17.08.2019;1373;Shipped;35;35;101
10290;26;96230;2501980;2;07.09.2019;1353;Shipped;89;89;101
10304;38;104170;3958460;11;11.10.2019;1320;Shipped;37;37;101
10312;33;107150;3535950;8;21.10.2019;1311;Shipped;38;38;101
10323;33;91270;3011910;2;05.11.2019;1297;Shipped;70;70;101
10347;26;102190;2656940;12;29.11.2019;1274;Shipped;9;9;101
10357;25;104170;2604250;3;10.12.2019;1264;Shipped;38;38;101
10369;45;73080;3288600;4;20.01.2020;1224;Shipped;40;40;101
10382;50;178710;8935500;7;17.02.2020;1197;Shipped;38;38;101
10392;36;112110;4035960;1;10.03.2020;1176;Shipped;61;61;101
10423;21;89290;1875090;5;30.05.2020;1096;In Process;54;54;101
10108;29;139640;4049560;8;03.03.2018;1916;Shipped;64;64;28
10122;21;117590;2469390;12;08.05.2018;1851;Shipped;65;65;28
10135;42;129350;5432700;9;02.07.2018;1797;Shipped;38;38;28
10147;37;119060;4405220;9;05.09.2018;1733;Shipped;40;40;28
10169;36;123470;4444920;4;04.11.2018;1674;Shipped;41;41;28
10181;22;154340;3395480;16;12.11.2018;1667;Shipped;7;7;28
10191;23;148460;3414580;5;20.11.2018;1660;Shipped;66;66;28
10203;32;160220;5127040;10;02.12.2018;1649;Shipped;22;22;28
10211;28;133760;3745280;4;15.01.2019;1606;Shipped;8;8;28
10225;27;169040;4564080;11;22.02.2019;1569;Shipped;67;67;28
10238;49;133760;6554240;5;09.04.2019;1524;Shipped;47;47;28
10252;41;164630;6749830;1;26.05.2019;1478;Shipped;8;8;28
10265;49;171980;8427020;1;02.07.2019;1442;Shipped;85;85;28
10276;30;130820;3924600;5;02.08.2019;1412;Shipped;69;69;28
10287;40;169040;6761600;14;30.08.2019;1385;Shipped;67;67;28
10300;23;164630;3786490;7;04.10.2018;1716;Shipped;70;70;28
10310;49;127880;6266120;12;16.10.2019;1340;Shipped;66;66;28
10320;25;139640;3491000;5;03.11.2019;1323;Shipped;23;23;28
10330;37;119060;4405220;3;16.11.2019;1311;Shipped;64;64;28
10342;55;119060;6548300;7;24.11.2019;1304;Shipped;9;9;28
10355;23;138170;3177910;7;07.12.2019;1292;Shipped;22;22;28
10363;24;172610;4142640;11;06.01.2020;1263;Shipped;71;71;28
10378;43;96490;4149070;10;10.02.2020;1229;Shipped;22;22;28
10390;50;147940;7397000;1;04.03.2020;1207;Shipped;38;38;28
10109;47;132800;6241600;2;10.03.2018;1933;Shipped;44;44;25
10123;34;156820;5331880;4;20.05.2018;1863;Shipped;45;45;25
10137;31;165300;5124300;4;10.07.2018;1813;Shipped;2;2;25
10148;28;129980;3639440;11;11.09.2018;1751;Shipped;41;41;25
10161;36;154000;5544000;10;17.10.2018;1716;Shipped;76;76;25
10172;48;114440;5493120;8;05.11.2018;1698;Shipped;12;12;25
10181;39;148340;5785260;4;12.11.2018;1692;Shipped;7;7;25
10192;45;118680;5340600;9;20.11.2018;1685;Shipped;39;39;25
10204;35;163880;5735800;15;02.12.2018;1674;Shipped;72;72;25
10212;45;141280;6357600;8;16.01.2019;1630;Shipped;22;22;25
10226;46;159650;7343900;6;26.02.2019;1590;Shipped;53;53;25
10240;37;161060;5959220;1;13.04.2019;1545;Shipped;43;43;25
10253;31;129980;4029380;3;01.06.2019;1497;Cancelled;21;21;25
10266;33;152580;5035140;4;06.07.2019;1463;Shipped;68;68;25
10278;31;132800;4116800;4;06.08.2019;1433;Shipped;82;82;25
10287;27;159650;4310550;2;30.08.2019;1410;Shipped;67;67;25
10301;39;165300;6446700;6;05.10.2018;1740;Shipped;83;83;25
10311;32;113020;3616640;11;16.10.2019;1365;Shipped;22;22;25
10321;28;151170;4232760;8;04.11.2019;1347;Shipped;20;20;25
10331;26;67910;1765660;12;17.11.2019;1335;Shipped;44;44;25
10343;44;84880;3734720;2;24.11.2019;1329;Shipped;2;2;25
10367;46;104530;4808380;6;12.01.2020;1281;Resolved;4;4;25
10379;32;70830;2266560;4;10.02.2020;1253;Shipped;22;22;25
10406;65;161060;10468900;1;15.04.2020;1189;Disputed;47;47;25
10419;43;129980;5589140;3;17.05.2020;1158;Shipped;18;18;25
10108;43;67770;2914110;12;03.03.2018;1965;Shipped;64;64;40
10122;35;49740;1740900;16;08.05.2018;1900;Shipped;65;65;40
10135;45;50360;2266200;13;02.07.2018;1846;Shipped;38;38;40
10146;47;67140;3155580;2;03.09.2018;1784;Shipped;86;86;40
10169;38;68390;2598820;8;04.11.2018;1723;Shipped;41;41;40
10180;21;50360;1057560;3;11.11.2018;1717;Shipped;6;6;40
10191;43;72740;3127820;9;20.11.2018;1709;Shipped;66;66;40
10211;46;54090;2488140;8;15.01.2019;1654;Shipped;8;8;40
10224;38;58440;2220720;1;21.02.2019;1618;Shipped;6;6;40
10237;26;52220;1357720;1;05.04.2019;1576;Shipped;10;10;40
10252;31;52840;1638040;5;26.05.2019;1526;Shipped;8;8;40
10264;48;54710;2626080;3;30.06.2019;1492;Shipped;56;56;40
10276;33;50360;1661880;9;02.08.2019;1460;Shipped;69;69;40
10286;38;57200;2173600;1;28.08.2019;1435;Shipped;60;60;40
10299;39;55950;2182050;3;30.09.2019;1403;Shipped;15;15;40
10310;42;67140;2819880;16;16.10.2019;1388;Shipped;66;66;40
10319;44;59060;2598640;4;03.11.2019;1371;Shipped;77;77;40
10330;29;69630;2019270;2;16.11.2019;1359;Shipped;64;64;40
10342;26;55950;1454700;8;24.11.2019;1352;Shipped;9;9;40
10355;31;53470;1657570;1;07.12.2019;1340;Shipped;22;22;40
10363;32;89120;2851840;12;06.01.2020;1311;Shipped;71;71;40
10378;28;164630;4609640;9;10.02.2020;1277;Shipped;22;22;40
10390;36;141110;5079960;2;04.03.2020;1255;Shipped;38;38;40
10403;36;52220;1879920;1;08.04.2020;1221;Shipped;21;21;40
10106;41;116460;4774860;17;17.02.2018;2003;Shipped;84;84;105
10119;27;99520;2687040;8;28.04.2018;1934;Shipped;18;18;105
10130;33;103750;3423750;1;16.06.2018;1886;Shipped;89;89;105
10143;34;101640;3455760;12;10.08.2018;1832;Shipped;49;49;105
10155;29;124930;3622970;10;06.10.2018;1776;Shipped;15;15;105
10167;34;105870;3599580;6;23.10.2018;1760;Cancelled;36;36;105
10178;48;112220;5386560;9;08.11.2018;1745;Shipped;50;50;105
10186;46;106930;4918780;6;14.11.2018;1740;Shipped;51;51;105
10197;22;115400;2538800;3;26.11.2018;1729;Shipped;52;52;105
10222;45;85750;3858750;9;19.02.2019;1645;Shipped;53;53;105
10249;46;121750;5600500;5;08.05.2019;1568;Shipped;32;32;105
10262;34;120690;4103460;14;24.06.2019;1522;Cancelled;22;22;105
10273;50;85750;4287500;1;21.07.2019;1496;Shipped;54;54;105
10283;46;125990;5795540;3;20.08.2019;1467;Shipped;55;55;105
10296;22;84700;1863400;12;15.09.2019;1442;Shipped;87;87;105
10307;48;86810;4166880;6;14.10.2019;1414;Shipped;28;28;105
10316;47;86810;4080070;14;01.11.2019;1397;Shipped;57;57;105
10328;34;112220;3815480;6;12.11.2019;1387;Shipped;84;84;105
10338;45;122810;5526450;2;22.11.2019;1378;Shipped;88;88;105
10351;20;168730;3374600;2;03.12.2019;1368;Shipped;48;48;105
10373;50;60490;3024500;6;31.01.2020;1310;Shipped;58;58;105
10386;22;57550;1266100;6;01.03.2020;1281;Resolved;22;22;105
10398;45;106930;4811850;17;30.03.2020;1253;Shipped;2;2;105
10400;58;125990;7307420;6;01.04.2020;1252;Shipped;59;59;105
10415;51;121750;6209250;5;09.05.2020;1215;Disputed;85;85;105
10104;38;140750;5348500;3;31.01.2018;2045;Shipped;22;22;27
10117;22;126390;2780580;12;16.04.2018;1971;Shipped;25;25;27
10127;25;137880;3447000;5;03.06.2018;1924;Shipped;72;72;27
10142;24;157980;3791520;15;08.08.2018;1859;Shipped;38;38;27
10152;35;129260;4524100;1;25.09.2018;1812;Shipped;27;27;27
10165;28;119200;3337600;6;22.10.2018;1786;Shipped;25;25;27
10176;36;153670;5532120;5;06.11.2018;1772;Shipped;68;68;27
10185;39;130690;5096910;16;14.11.2018;1765;Shipped;49;49;27
10196;27;168040;4537080;8;26.11.2018;1754;Shipped;33;33;27
10207;40;153670;6146800;1;09.12.2018;1742;Shipped;62;62;27
10220;50;165160;8258000;5;12.02.2019;1678;Shipped;73;73;27
10230;42;172340;7238280;3;15.03.2019;1648;Shipped;70;70;27
10247;48;140750;6756000;5;05.05.2019;1598;Shipped;71;71;27
10272;25;149360;3734000;5;20.07.2019;1523;Shipped;17;17;27
10282;31;150800;4674800;8;20.08.2019;1493;Shipped;38;38;27
10292;44;162290;7140760;2;08.09.2019;1475;Shipped;1;1;27
10306;23;156550;3600650;16;14.10.2019;1440;Shipped;75;75;27
10314;29;145060;4206740;8;22.10.2019;1433;Shipped;76;76;27
10324;49;109790;5379710;13;05.11.2019;1420;Shipped;10;10;27
10337;36;157760;5679360;3;21.11.2019;1405;Shipped;26;26;27
10349;34;129260;4394840;5;01.12.2019;1396;Shipped;72;72;27
10358;25;101130;2528250;13;10.12.2019;1388;Shipped;22;22;27
10372;48;146490;7031520;6;26.01.2020;1342;Shipped;34;34;27
10383;38;140550;5340900;1;22.02.2020;1316;Shipped;22;22;27
10394;37;172340;6376580;1;15.03.2020;1295;Shipped;22;22;27
10413;49;140750;6896750;5;05.05.2020;1245;Shipped;12;12;27
10100;22;86510;1903220;4;06.01.2018;2096;Shipped;39;39;99
10110;28;89270;2499560;8;18.03.2018;2026;Shipped;75;75;99
10124;36;85590;3081240;7;21.05.2018;1963;Shipped;82;82;99
10148;34;105830;3598220;1;11.09.2018;1851;Shipped;41;41;99
10173;21;75460;1584660;14;05.11.2018;1797;Shipped;84;84;99
10182;36;109520;3942720;11;12.11.2018;1791;Shipped;38;38;99
10193;24;97550;2341200;15;21.11.2018;1783;Shipped;85;85;99
10204;29;85590;2482110;5;02.12.2018;1773;Shipped;72;72;99
10213;38;94790;3602020;1;22.01.2019;1723;Shipped;51;51;99
10227;34;104910;3566940;11;02.03.2019;1685;Shipped;29;29;99
10241;42;90190;3787980;3;13.04.2019;1644;Shipped;81;81;99
10280;35;105830;3704050;17;17.08.2019;1519;Shipped;35;35;99
10288;35;80990;2834650;6;01.09.2019;1505;Shipped;63;63;99
10302;38;89270;3392260;2;06.10.2018;1836;Shipped;21;21;99
10311;41;81910;3358310;1;16.10.2019;1462;Shipped;22;22;99
10332;50;146200;7310000;2;17.11.2019;1431;Shipped;75;75;99
10344;21;104910;2203110;4;25.11.2019;1424;Shipped;65;65;99
10367;43;62720;2696960;8;12.01.2020;1377;Resolved;4;4;99
10380;32;105520;3376640;1;16.02.2020;1343;Shipped;22;22;99
10407;6;90190;541140;3;22.04.2020;1278;On Hold;59;59;99
10420;66;92950;6134700;6;29.05.2020;1242;In Process;19;19;99
10105;41;82500;3382500;10;11.02.2018;2081;Shipped;47;47;97
10117;23;97420;2240660;4;16.04.2018;2018;Shipped;25;25;97
10128;43;92160;3962880;1;06.06.2018;1968;Shipped;22;22;97
10142;24;70220;1685280;7;08.08.2018;1906;Shipped;38;38;97
10153;22;83380;1834360;6;28.09.2018;1856;Shipped;22;22;97
10166;26;73730;1916980;1;21.10.2018;1834;Shipped;20;20;97
10177;35;74600;2611000;8;07.11.2018;1818;Shipped;74;74;97
10185;47;77240;3630280;8;14.11.2018;1812;Shipped;49;49;97
10197;50;101810;5090500;14;26.11.2018;1801;Shipped;52;52;97
10208;45;87770;3949650;8;02.01.2019;1765;Shipped;29;29;97
10221;39;89530;3491670;2;18.02.2019;1719;Shipped;54;54;97
10232;23;89530;2059190;5;20.03.2019;1690;Shipped;57;57;97
10248;42;75480;3170160;11;07.05.2019;1643;Cancelled;1;1;97
10261;20;89530;1790600;9;17.06.2019;1603;Shipped;42;42;97
10273;33;71090;2345970;12;21.07.2019;1570;Shipped;54;54;97
10283;34;105320;3580880;14;20.08.2019;1541;Shipped;55;55;97
10293;49;100940;4946060;3;09.09.2019;1522;Shipped;35;35;97
10306;39;90400;3525600;8;14.10.2019;1488;Shipped;75;75;97
10315;36;100060;3602160;7;29.10.2019;1474;Shipped;13;13;97
10326;50;86010;4300500;5;09.11.2019;1464;Shipped;23;23;97
10337;29;155110;4498190;2;21.11.2019;1453;Shipped;26;26;97
10350;30;100770;3023100;3;02.12.2019;1443;Shipped;22;22;97
10372;41;86890;3562490;7;26.01.2020;1389;Shipped;34;34;97
10383;28;58580;1640240;7;22.02.2020;1363;Shipped;22;22;97
10396;45;105320;4739400;5;23.03.2020;1334;Shipped;38;38;97
10414;16;75480;1207680;11;06.05.2020;1291;On Hold;56;56;97
10103;36;117450;4228200;5;29.01.2018;2120;Shipped;16;16;82
10114;41;117450;4815450;9;01.04.2018;2059;Shipped;60;60;82
10126;50;141660;7083000;5;28.05.2018;2003;Shipped;24;24;82
10140;40;115030;4601200;5;24.07.2018;1947;Shipped;5;5;82
10150;49;131980;6467020;2;19.09.2018;1891;Shipped;25;25;82
10164;45;111390;5012550;3;21.10.2018;1860;Resolved;61;61;82
10175;47;108970;5121590;10;06.11.2018;1845;Shipped;48;48;82
10183;21;116240;2441040;2;13.11.2018;1839;Shipped;28;28;82
10194;32;133190;4262080;5;25.11.2018;1828;Shipped;29;29;82
10207;47;141660;6658020;16;09.12.2018;1815;Shipped;62;62;82
10217;38;118660;4509080;5;04.02.2019;1759;Shipped;63;63;82
10229;41;115030;4716230;10;11.03.2019;1725;Shipped;38;38;82
10245;21;113820;2390220;3;04.05.2019;1672;Shipped;33;33;82
10259;41;113820;4666620;13;15.06.2019;1631;Shipped;63;63;82
10270;38;141660;5383080;3;19.07.2019;1598;Shipped;19;19;82
10281;25;99290;2482250;10;19.08.2019;1568;Shipped;17;17;82
10291;48;110180;5288640;5;08.09.2019;1549;Shipped;36;36;82
10305;22;99290;2184380;14;13.10.2019;1515;Shipped;14;14;82
10313;28;102920;2881760;8;22.10.2019;1507;Shipped;30;30;82
10323;47;131980;6203060;1;05.11.2019;1494;Shipped;70;70;82
10334;49;138030;6763470;4;19.11.2019;1481;On Hold;23;23;82
10347;45;130770;5884650;4;29.11.2019;1472;Shipped;9;9;82
10357;28;127130;3559640;2;10.12.2019;1462;Shipped;38;38;82
10370;29;57530;1668370;6;20.01.2020;1422;Shipped;41;41;82
10382;39;125400;4890600;1;17.02.2020;1395;Shipped;38;38;82
10411;46;113820;5235720;3;01.05.2020;1322;Shipped;42;42;82
10425;38;113820;4325160;13;31.05.2020;1293;In Process;13;13;82
10103;41;47290;1938890;9;29.01.2018;2147;Shipped;16;16;90
10113;50;49810;2490500;3;26.03.2018;2092;Shipped;38;38;90
10126;43;53830;2314690;9;28.05.2018;2030;Shipped;24;24;90
10140;29;43270;1254830;9;24.07.2018;1974;Shipped;5;5;90
10150;30;42760;1282800;6;19.09.2018;1918;Shipped;25;25;90
10164;25;53830;1345750;7;21.10.2018;1887;Resolved;61;61;90
10174;49;44780;2194220;2;06.11.2018;1872;Shipped;27;27;90
10183;40;49300;1972000;6;13.11.2018;1866;Shipped;28;28;90
10194;41;44780;1835980;9;25.11.2018;1855;Shipped;29;29;90
10206;21;53330;1119930;4;05.12.2018;1846;Shipped;30;30;90
10215;46;45280;2082880;1;29.01.2019;1792;Shipped;31;31;90
10229;39;40250;1569750;14;11.03.2019;1752;Shipped;38;38;90
10245;45;59870;2694150;7;04.05.2019;1699;Shipped;33;33;90
10258;21;59870;1257270;4;15.06.2019;1658;Shipped;34;34;90
10270;44;58360;2567840;7;19.07.2019;1625;Shipped;19;19;90
10281;44;59870;2634280;14;19.08.2019;1595;Shipped;17;17;90
10291;29;51820;1502780;9;08.09.2019;1576;Shipped;36;36;90
10304;34;49300;1676200;4;11.10.2019;1544;Shipped;37;37;90
10312;39;56850;2217150;1;21.10.2019;1535;Shipped;38;38;90
10324;38;179790;6832020;6;05.11.2019;1521;Shipped;10;10;90
10348;29;245200;7110800;6;01.11.2019;1526;Shipped;24;24;90
10358;30;176760;5302800;8;10.12.2019;1488;Shipped;22;22;90
10370;20;136500;2730000;2;20.01.2020;1448;Shipped;41;41;90
10382;39;200700;7827300;2;17.02.2020;1421;Shipped;38;38;90
10411;35;59870;2095450;7;01.05.2020;1348;Shipped;42;42;90
10424;26;59870;1556620;4;31.05.2020;1319;In Process;22;22;90
10108;44;126480;5565120;11;03.03.2018;2140;Shipped;64;64;30
10122;28;127970;3583160;15;08.05.2018;2075;Shipped;65;65;30
10135;31;151780;4705180;12;02.07.2018;2021;Shipped;38;38;30
10146;29;153260;4444540;1;03.09.2018;1959;Shipped;86;86;30
10169;33;148800;4910400;7;04.11.2018;1898;Shipped;41;41;30
10180;44;126480;5565120;2;11.11.2018;1892;Shipped;6;6;30
10191;32;132430;4237760;8;20.11.2018;1884;Shipped;66;66;30
10211;41;138380;5673580;7;15.01.2019;1829;Shipped;8;8;30
10225;35;150290;5260150;14;22.02.2019;1792;Shipped;67;67;30
10238;44;144340;6350960;8;09.04.2019;1747;Shipped;47;47;30
10252;26;136900;3559400;4;26.05.2019;1701;Shipped;8;8;30
10264;20;120530;2410600;2;30.06.2019;1667;Shipped;56;56;30
10276;48;119040;5713920;8;02.08.2019;1635;Shipped;69;69;30
10287;34;126480;4300320;17;30.08.2019;1608;Shipped;67;67;30
10299;49;162190;7947310;2;30.09.2019;1578;Shipped;15;15;30
10310;40;133920;5356800;15;16.10.2019;1563;Shipped;66;66;30
10319;45;175580;7901100;3;03.11.2019;1546;Shipped;77;77;30
10330;50;122020;6101000;4;16.11.2019;1534;Shipped;64;64;30
10342;38;165170;6276460;11;24.11.2019;1527;Shipped;9;9;30
10355;25;168140;4203500;2;07.12.2019;1515;Shipped;22;22;30
10363;28;58180;1629040;13;06.01.2020;1486;Shipped;71;71;30
10378;49;67140;3289860;8;10.02.2020;1452;Shipped;22;22;30
10390;49;140060;6862940;3;04.03.2020;1430;Shipped;38;38;30
10110;42;61290;2574180;9;18.03.2018;2148;Shipped;75;75;6
10124;23;57730;1327790;8;21.05.2018;2085;Shipped;82;82;6
10148;29;81250;2356250;2;11.09.2018;1973;Shipped;41;41;6
10161;25;80540;2013500;1;17.10.2018;1938;Shipped;76;76;6
10173;39;71980;2807220;15;05.11.2018;1920;Shipped;84;84;6
10182;44;69840;3072960;12;12.11.2018;1914;Shipped;38;38;6
10193;25;76260;1906500;16;21.11.2018;1906;Shipped;85;85;6
10204;45;76260;3431700;6;02.12.2018;1896;Shipped;72;72;6
10213;25;83390;2084750;2;22.01.2019;1846;Shipped;51;51;6
10227;37;57730;2136010;12;02.03.2019;1808;Shipped;29;29;6
10241;30;66990;2009700;4;13.04.2019;1767;Shipped;81;81;6
10267;36;75550;2719800;1;07.07.2019;1683;Shipped;72;72;6
10279;26;60580;1575080;1;09.08.2019;1651;Shipped;22;22;6
10288;23;73410;1688430;7;01.09.2019;1629;Shipped;63;63;6
10302;23;72700;1672100;3;06.10.2018;1960;Shipped;21;21;6
10311;25;66990;1674750;2;16.10.2019;1586;Shipped;22;22;6
10332;21;165380;3472980;3;17.11.2019;1555;Shipped;75;75;6
10344;26;63430;1649180;5;25.11.2019;1548;Shipped;65;65;6
10367;44;85250;3751000;9;12.01.2020;1501;Resolved;4;4;6
10380;24;189000;4536000;2;16.02.2020;1467;Shipped;22;22;6
10407;66;66990;4421340;4;22.04.2020;1402;On Hold;59;59;6
10420;36;57730;2078280;7;29.05.2020;1366;In Process;19;19;6
10110;36;85250;3069000;13;18.03.2018;2170;Shipped;75;75;7
10124;22;77900;1713800;12;21.05.2018;2107;Shipped;82;82;7
10148;25;60260;1506500;6;11.09.2018;1995;Shipped;41;41;7
10161;37;72760;2692120;5;17.10.2018;1960;Shipped;76;76;7
10172;32;75690;2422080;3;05.11.2018;1942;Shipped;12;12;7
10182;47;74220;3488340;16;12.11.2018;1936;Shipped;38;38;7
10192;37;69820;2583340;4;20.11.2018;1929;Shipped;39;39;7
10204;20;62470;1249400;10;02.12.2018;1918;Shipped;72;72;7
10212;41;82310;3374710;3;16.01.2019;1874;Shipped;22;22;7
10226;21;60260;1265460;1;26.02.2019;1834;Shipped;53;53;7
10241;22;76430;1681460;8;13.04.2019;1789;Shipped;81;81;7
10267;40;80100;3204000;5;07.07.2019;1705;Shipped;72;72;7
10279;32;74960;2398720;5;09.08.2019;1673;Shipped;22;22;7
10288;36;66140;2381040;11;01.09.2019;1651;Shipped;63;63;7
10301;27;72020;1944540;1;05.10.2018;1983;Shipped;83;83;7
10311;26;87450;2273700;6;16.10.2019;1608;Shipped;22;22;7
10321;30;70550;2116500;3;04.11.2019;1590;Shipped;20;20;7
10332;23;56840;1307320;4;17.11.2019;1578;Shipped;75;75;7
10344;29;59530;1726370;7;25.11.2019;1571;Shipped;65;65;7
10367;21;60370;1267770;10;12.01.2020;1524;Resolved;4;4;7
10380;34;101230;3441820;3;16.02.2020;1490;Shipped;22;22;7
10407;26;76430;1987180;8;22.04.2020;1425;On Hold;59;59;7
10420;60;64670;3880200;11;29.05.2020;1389;In Process;19;19;7
10104;35;55490;1942150;6;31.01.2018;2239;Shipped;22;22;4
10115;47;69360;3259920;2;04.04.2018;2177;Shipped;26;26;4
10127;20;60690;1213800;8;03.06.2018;2118;Shipped;72;72;4
10141;20;54330;1086600;2;01.08.2018;2060;Shipped;71;71;4
10152;25;65310;1632750;4;25.09.2018;2006;Shipped;27;27;4
10165;25;69360;1734000;9;22.10.2018;1980;Shipped;25;25;4
10176;27;68780;1857060;8;06.11.2018;1966;Shipped;68;68;4
10184;31;60110;1863410;3;14.11.2018;1959;Shipped;79;79;4
10195;44;66470;2924680;3;25.11.2018;1949;Shipped;46;46;4
10207;49;46820;2294180;4;09.12.2018;1936;Shipped;62;62;4
10220;26;56070;1457820;8;12.02.2019;1872;Shipped;73;73;4
10230;36;54330;1955880;6;15.03.2019;1842;Shipped;70;70;4
10246;44;52600;2314400;2;05.05.2019;1792;Shipped;22;22;4
10259;28;46820;1310960;1;15.06.2019;1752;Shipped;63;63;4
10271;45;64740;2913300;2;20.07.2019;1718;Shipped;38;38;4
10282;29;46820;1357780;11;20.08.2019;1688;Shipped;38;38;4
10292;40;53750;2150000;5;08.09.2019;1670;Shipped;1;1;4
10305;45;61850;2783250;2;13.10.2019;1636;Shipped;14;14;4
10314;44;53180;2339920;11;22.10.2019;1628;Shipped;76;76;4
10324;25;69160;1729000;14;05.11.2019;1615;Shipped;10;10;4
10336;45;132720;5972400;4;20.11.2019;1601;Shipped;60;60;4
10349;48;47400;2275200;4;01.12.2019;1591;Shipped;72;72;4
10358;44;60760;2673440;14;10.12.2019;1583;Shipped;22;22;4
10371;25;97270;2431750;12;23.01.2020;1540;Shipped;38;38;4
10383;22;91760;2018720;2;22.02.2020;1511;Shipped;22;22;4
10394;31;50290;1558990;2;15.03.2020;1490;Shipped;22;22;4
10412;21;52600;1104600;2;03.05.2020;1442;Shipped;22;22;4
10425;55;46820;2575100;1;31.05.2020;1415;In Process;13;13;4
10107;25;113830;2845750;3;24.02.2018;2243;Shipped;1;1;47
10120;35;98050;3431750;1;29.04.2018;2180;Shipped;9;9;47
10134;35;93540;3273900;3;01.07.2018;2118;Shipped;3;3;47
10145;43;95800;4119400;7;25.08.2018;2064;Shipped;4;4;47
10168;50;114950;5747500;2;28.10.2018;2001;Shipped;5;5;47
10180;48;111570;5355360;10;11.11.2018;1988;Shipped;6;6;47
10188;25;101430;2535750;2;18.11.2018;1982;Shipped;7;7;47
10211;25;90160;2254000;15;15.01.2019;1925;Shipped;8;8;47
10223;32;91290;2921280;2;20.02.2019;1890;Shipped;9;9;47
10237;20;114950;2299000;8;05.04.2019;1847;Shipped;10;10;47
10251;26;101430;2637180;3;18.05.2019;1805;Shipped;11;11;47
10263;42;102560;4307520;3;28.06.2019;1765;Shipped;12;12;47
10275;21;102560;2153760;2;23.07.2019;1741;Shipped;13;13;47
10285;34;109320;3716880;7;27.08.2019;1707;Shipped;14;14;47
10299;47;116080;5455760;10;30.09.2019;1674;Shipped;15;15;47
10309;21;126220;2650620;6;15.10.2019;1660;Shipped;16;16;47
10318;48;134110;6437280;2;02.11.2019;1643;Shipped;17;17;47
10329;30;87780;2633400;7;15.11.2019;1631;Shipped;1;1;47
10339;27;84390;2278530;10;23.11.2019;1624;Shipped;34;34;47
10362;50;96920;4846000;2;05.01.2020;1582;Shipped;5;5;47
10374;38;110450;4197100;6;02.02.2020;1555;Shipped;27;27;47
10389;45;102170;4597650;1;03.03.2020;1526;Shipped;36;36;47
10403;46;114950;5287700;8;08.04.2020;1491;Shipped;21;21;47
10417;35;101430;3550050;3;13.05.2020;1457;Disputed;22;22;47
10110;29;59370;1721730;15;18.03.2018;2245;Shipped;75;75;3
10123;50;59870;2993500;1;20.05.2018;2183;Shipped;45;45;3
10137;26;49810;1295060;1;10.07.2018;2133;Shipped;2;2;3
10148;47;56850;2671950;8;11.09.2018;2071;Shipped;41;41;3
10161;23;53330;1226590;7;17.10.2018;2036;Shipped;76;76;3
10172;34;42760;1453840;5;05.11.2018;2018;Shipped;12;12;3
10181;34;53830;1830220;1;12.11.2018;2012;Shipped;7;7;3
10192;47;53830;2530010;6;20.11.2018;2005;Shipped;39;39;3
10204;45;49810;2241450;12;02.12.2018;1994;Shipped;72;72;3
10212;45;53330;2399850;5;16.01.2019;1950;Shipped;22;22;3
10226;36;43270;1557720;3;26.02.2019;1910;Shipped;53;53;3
10241;21;40250;845250;10;13.04.2019;1865;Shipped;81;81;3
10266;28;48300;1352400;1;06.07.2019;1782;Shipped;68;68;3
10278;35;45280;1584800;1;06.08.2019;1752;Shipped;82;82;3
10288;50;52320;2616000;13;01.09.2019;1727;Shipped;63;63;3
10301;22;51320;1129040;3;05.10.2018;2059;Shipped;83;83;3
10311;45;49300;2218500;8;16.10.2019;1684;Shipped;22;22;3
10321;48;42260;2028480;5;04.11.2019;1666;Shipped;20;20;3
10332;20;87960;1759200;5;17.11.2019;1654;Shipped;75;75;3
10343;27;36210;977670;6;24.11.2019;1648;Shipped;2;2;3
10367;38;38500;1463000;11;12.01.2020;1600;Resolved;4;4;3
10379;32;124080;3970560;3;10.02.2020;1572;Shipped;22;22;3
10407;64;40250;2576000;10;22.04.2020;1501;On Hold;59;59;3
10420;37;60370;2233690;13;29.05.2020;1465;In Process;19;19;3
10106;28;88630;2481640;4;17.02.2018;2298;Shipped;84;84;60
10120;39;119270;4651530;10;29.04.2018;2228;Shipped;9;9;60
10133;41;94100;3858100;5;27.06.2018;2170;Shipped;22;22;60
10145;40;87540;3501600;16;25.08.2018;2112;Shipped;4;4;60
10168;49;131300;6433700;11;28.10.2018;2049;Shipped;5;5;60
10210;27;98480;2658960;9;12.01.2019;1974;Shipped;43;43;60
10223;34;106140;3608760;11;20.02.2019;1936;Shipped;9;9;60
10235;23;96290;2214670;5;02.04.2019;1896;Shipped;55;55;60
10250;31;88630;2747530;6;11.05.2019;1858;Shipped;59;59;60
10262;34;97380;3310920;1;24.06.2019;1815;Cancelled;22;22;60
10275;25;95200;2380000;11;23.07.2019;1787;Shipped;13;13;60
10284;22;105040;2310880;3;21.08.2019;1759;Shipped;83;83;60
10297;32;126930;4061760;6;16.09.2019;1734;Shipped;73;73;60
10308;31;112700;3493700;9;15.10.2019;1706;Shipped;46;46;60
10316;25;114890;2872250;1;01.11.2019;1690;Shipped;57;57;60
10328;47;87540;4114380;14;12.11.2019;1680;Shipped;84;84;60
10339;21;50650;1063650;7;23.11.2019;1670;Shipped;34;34;60
10353;28;71730;2008440;2;04.12.2019;1660;Shipped;86;86;60
10374;46;94100;4328600;3;02.02.2020;1601;Shipped;27;27;60
10386;33;41710;1376430;11;01.03.2020;1574;Resolved;22;22;60
10398;43;129120;5552160;16;30.03.2020;1546;Shipped;2;2;60
10401;38;96290;3659020;5;03.04.2020;1543;On Hold;11;11;60
10416;47;88630;4165610;6;10.05.2020;1507;Shipped;68;68;60
10101;45;31200;1404000;3;09.01.2018;2360;Shipped;70;70;86
10110;20;35510;710200;3;18.03.2018;2293;Shipped;75;75;86
10124;45;37840;1702800;2;21.05.2018;2230;Shipped;82;82;86
10149;36;33190;1194840;7;12.09.2018;2117;Shipped;80;80;86
10173;31;31530;977430;9;05.11.2018;2064;Shipped;84;84;86
10182;39;36840;1436760;6;12.11.2018;2058;Shipped;38;38;86
10193;26;29210;759460;10;21.11.2018;2050;Shipped;85;85;86
10205;32;37170;1189440;5;03.12.2018;2039;Shipped;22;22;86
10214;20;34190;683800;3;26.01.2019;1986;Shipped;24;24;86
10227;42;29210;1226820;6;02.03.2019;1952;Shipped;29;29;86
10243;33;29540;974820;1;26.04.2019;1898;Shipped;62;62;86
10280;20;28880;577600;12;17.08.2019;1786;Shipped;35;35;86
10288;29;38170;1106930;1;01.09.2019;1772;Shipped;63;63;86
10304;23;30200;694600;16;11.10.2019;1733;Shipped;37;37;86
10312;39;29540;1152060;13;21.10.2019;1724;Shipped;38;38;86
10322;20;131200;2624000;3;04.11.2019;1711;Shipped;39;39;86
10332;45;81910;3685950;6;17.11.2019;1699;Shipped;75;75;86
10344;20;35180;703600;6;25.11.2019;1692;Shipped;65;65;86
10356;48;202500;9720000;5;09.12.2019;1679;Shipped;3;3;86
10367;23;36290;834670;13;12.01.2020;1646;Resolved;4;4;86
10380;32;70560;2257920;4;16.02.2020;1612;Shipped;22;22;86
10391;33;252870;8344710;8;09.03.2020;1591;Shipped;41;41;86
10409;61;29540;1801940;1;23.04.2020;1547;Shipped;63;63;86
10420;45;26880;1209600;1;29.05.2020;1512;In Process;19;19;86
10107;38;83030;3155140;7;24.02.2018;2338;Shipped;1;1;42
10120;34;83790;2848860;5;29.04.2018;2275;Shipped;9;9;42
10134;43;83030;3570290;7;01.07.2018;2213;Shipped;3;3;42
10145;47;83030;3902410;11;25.08.2018;2159;Shipped;4;4;42
10158;22;67030;1474660;1;10.10.2018;2114;Shipped;16;16;42
10168;29;75410;2186890;6;28.10.2018;2097;Shipped;5;5;42
10180;28;68550;1919400;14;11.11.2018;2084;Shipped;6;6;42
10188;40;91400;3656000;6;18.11.2018;2078;Shipped;7;7;42
10210;30;61700;1851000;4;12.01.2019;2024;Shipped;43;43;42
10223;38;69310;2633780;6;20.02.2019;1986;Shipped;9;9;42
10236;36;87600;3153600;3;03.04.2019;1945;Shipped;44;44;42
10250;32;87600;2803200;1;11.05.2019;1908;Shipped;59;59;42
10263;37;62460;2311020;7;28.06.2019;1861;Shipped;12;12;42
10275;30;79980;2399400;6;23.07.2019;1837;Shipped;13;13;42
10285;39;70080;2733120;11;27.08.2019;1803;Shipped;14;14;42
10297;32;65510;2096320;1;16.09.2019;1784;Shipped;73;73;42
10308;47;63220;2971340;4;15.10.2019;1756;Shipped;46;46;42
10318;26;86830;2257580;6;02.11.2019;1739;Shipped;17;17;42
10329;37;94430;3493910;4;15.11.2019;1727;Shipped;1;1;42
10340;55;79980;4398900;8;24.11.2019;1719;Shipped;52;52;42
10363;21;171220;3595620;8;06.01.2020;1677;Shipped;71;71;42
10375;23;106230;2443290;9;03.02.2020;1650;Shipped;13;13;42
10389;49;81400;3988600;2;03.03.2020;1622;Shipped;36;36;42
10402;59;87600;5168400;3;07.04.2020;1588;Shipped;8;8;42
10416;32;87600;2803200;1;10.05.2020;1556;Shipped;68;68;42
10105;43;147470;6341210;9;11.02.2018;2376;Shipped;47;47;71
10117;41;126580;5189780;3;16.04.2018;2313;Shipped;25;25;71
10129;45;133950;6027750;9;12.06.2018;2257;Shipped;48;48;71
10142;33;102000;3366000;6;08.08.2018;2201;Shipped;38;38;71
10153;40;136410;5456400;5;28.09.2018;2151;Shipped;22;22;71
10167;33;115520;3812160;16;23.10.2018;2127;Cancelled;36;36;71
10177;50;121660;6083000;7;07.11.2018;2113;Shipped;74;74;71
10185;30;105690;3170700;7;14.11.2018;2107;Shipped;49;49;71
10197;41;110600;4534600;13;26.11.2018;2096;Shipped;52;52;71
10208;35;122890;4301150;7;02.01.2019;2060;Shipped;29;29;71
10221;49;138870;6804630;1;18.02.2019;2014;Shipped;54;54;71
10232;46;122890;5652940;4;20.03.2019;1985;Shipped;57;57;71
10248;48;145010;6960480;10;07.05.2019;1938;Cancelled;1;1;71
10261;36;125350;4512600;8;17.06.2019;1898;Shipped;42;42;71
10273;22;126580;2784760;11;21.07.2019;1865;Shipped;54;54;71
10283;42;126580;5316360;13;20.08.2019;1836;Shipped;55;55;71
10293;21;140090;2941890;2;09.09.2019;1817;Shipped;35;35;71
10306;29;110600;3207400;7;14.10.2019;1783;Shipped;75;75;71
10315;35;120430;4215050;6;29.10.2019;1769;Shipped;13;13;71
10326;41;105690;4333290;4;09.11.2019;1759;Shipped;23;23;71
10337;29;71970;2087130;4;21.11.2019;1748;Shipped;26;26;71
10350;34;50330;1711220;7;02.12.2019;1738;Shipped;22;22;71
10372;37;105690;3910530;8;26.01.2020;1684;Shipped;34;34;71
10396;49;116750;5720750;6;23.03.2020;1628;Shipped;38;38;71
10414;23;145010;3335230;10;06.05.2020;1585;On Hold;56;56;71
10101;46;53760;2472960;2;09.01.2018;2434;Shipped;70;70;89
10110;39;44350;1729650;2;18.03.2018;2367;Shipped;75;75;89
10124;22;45250;995500;1;21.05.2018;2304;Shipped;82;82;89
10149;49;49280;2414720;6;12.09.2018;2191;Shipped;80;80;89
10173;27;41220;1112940;8;05.11.2018;2138;Shipped;84;84;89
10182;31;36740;1138940;5;12.11.2018;2132;Shipped;38;38;89
10193;20;50620;1012400;9;21.11.2018;2124;Shipped;85;85;89
10205;24;38080;913920;4;03.12.2018;2113;Shipped;22;22;89
10214;49;47940;2349060;2;26.01.2019;2060;Shipped;24;24;89
10227;24;48380;1161120;5;02.03.2019;2026;Shipped;29;29;89
10244;39;45250;1764750;9;29.04.2019;1969;Shipped;22;22;89
10255;37;45700;1690900;2;04.06.2019;1934;Shipped;81;81;89
10280;45;47490;2137050;11;17.08.2019;1861;Shipped;35;35;89
10289;45;48380;2177100;4;03.09.2019;1845;Shipped;7;7;89
10304;44;39420;1734480;15;11.10.2019;1808;Shipped;37;37;89
10312;23;37630;865490;12;21.10.2019;1799;Shipped;38;38;89
10322;30;116670;3500100;4;04.11.2019;1786;Shipped;39;39;89
10332;26;85520;2223520;10;17.11.2019;1774;Shipped;75;75;89
10345;43;53760;2311680;1;25.11.2019;1767;Shipped;45;45;89
10356;26;31860;828360;7;09.12.2019;1754;Shipped;3;3;89
10367;28;30590;856520;12;12.01.2020;1721;Resolved;4;4;89
10380;27;68350;1845450;5;16.02.2020;1687;Shipped;22;22;89
10391;24;168420;4042080;1;09.03.2020;1666;Shipped;41;41;89
10421;40;45700;1828000;2;29.05.2020;1586;In Process;38;38;89
10103;36;102230;3680280;1;29.01.2018;2438;Shipped;16;16;84
10114;21;139290;2925090;5;01.04.2018;2377;Shipped;60;60;84
10126;27;126510;3415770;1;28.05.2018;2321;Shipped;24;24;84
10140;47;108620;5105140;1;24.07.2018;2265;Shipped;5;5;84
10151;42;121400;5098800;8;21.09.2018;2207;Shipped;58;58;84
10165;32;145680;4661760;17;22.10.2018;2177;Shipped;25;25;84
10175;28;106070;2969960;6;06.11.2018;2163;Shipped;48;48;84
10184;24;145680;3496320;11;14.11.2018;2156;Shipped;79;79;84
10194;49;117570;5760930;1;25.11.2018;2146;Shipped;29;29;84
10207;46;148240;6819040;12;09.12.2018;2133;Shipped;62;62;84
10217;28;112460;3148880;1;04.02.2019;2077;Shipped;63;63;84
10229;48;118840;5704320;6;11.03.2019;2043;Shipped;38;38;84
10246;29;121400;3520600;10;05.05.2019;1989;Shipped;22;22;84
10259;47;112460;5285620;9;15.06.2019;1949;Shipped;63;63;84
10271;43;130350;5605050;10;20.07.2019;1915;Shipped;38;38;84
10281;25;111180;2779500;6;19.08.2019;1886;Shipped;17;17;84
10291;48;112460;5398080;1;08.09.2019;1867;Shipped;36;36;84
10305;24;132900;3189600;10;13.10.2019;1833;Shipped;14;14;84
10313;42;132900;5581800;4;22.10.2019;1825;Shipped;30;30;84
10324;31;123240;3820440;2;05.11.2019;1812;Shipped;10;10;84
10334;42;131620;5528040;5;19.11.2019;1799;On Hold;23;23;84
10348;37;161660;5981420;1;01.11.2019;1818;Shipped;24;24;84
10358;41;138650;5684650;7;10.12.2019;1780;Shipped;22;22;84
10371;20;172470;3449400;5;23.01.2020;1737;Shipped;38;38;84
10382;20;132720;2654400;3;17.02.2020;1713;Shipped;38;38;84
10412;70;121400;8498000;10;03.05.2020;1638;Shipped;22;22;84
10425;49;112460;5510540;9;31.05.2020;1611;In Process;13;13;84
10108;35;58870;2060450;15;03.03.2018;2432;Shipped;64;64;41
10121;32;76880;2460160;2;07.05.2018;2368;Shipped;2;2;41
10135;29;61640;1787560;16;02.07.2018;2313;Shipped;38;38;41
10145;27;60950;1645650;3;25.08.2018;2260;Shipped;4;4;41
10169;38;74110;2816180;11;04.11.2018;2190;Shipped;41;41;41
10180;35;72030;2521050;6;11.11.2018;2184;Shipped;6;6;41
10190;42;76190;3199980;3;19.11.2018;2177;Shipped;22;22;41
10211;21;63720;1338120;11;15.01.2019;2121;Shipped;8;8;41
10224;37;80340;2972580;4;21.02.2019;2085;Shipped;6;6;41
10237;26;79650;2070900;4;05.04.2019;2043;Shipped;10;10;41
10252;47;65800;3092600;8;26.05.2019;1993;Shipped;8;8;41
10264;37;65100;2408700;6;30.06.2019;1959;Shipped;56;56;41
10276;46;75490;3472540;12;02.08.2019;1927;Shipped;69;69;41
10285;38;59560;2263280;3;27.08.2019;1903;Shipped;14;14;41
10299;33;66490;2194170;6;30.09.2019;1870;Shipped;15;15;41
10309;24;56100;1346400;2;15.10.2019;1856;Shipped;16;16;41
10319;31;81730;2533630;7;03.11.2019;1838;Shipped;77;77;41
10330;42;81030;3403260;1;16.11.2019;1826;Shipped;64;64;41
10341;32;103350;3307200;6;24.11.2019;1819;Shipped;18;18;41
10355;41;70650;2896650;3;07.12.2019;1807;Shipped;22;22;41
10363;43;61230;2632890;14;06.01.2020;1778;Shipped;71;71;41
10375;20;102300;2046000;14;03.02.2020;1751;Shipped;13;13;41
10390;35;65130;2279550;4;04.03.2020;1722;Shipped;38;38;41
10403;27;79650;2150550;4;08.04.2020;1688;Shipped;21;21;41
10110;43;78150;3360450;11;18.03.2018;2441;Shipped;75;75;13
10124;32;72700;2326400;10;21.05.2018;2378;Shipped;82;82;13
10148;21;73600;1545600;4;11.09.2018;2266;Shipped;41;41;13
10161;20;107230;2144600;3;17.10.2018;2231;Shipped;76;76;13
10172;22;74510;1639220;1;05.11.2018;2213;Shipped;12;12;13
10182;36;73600;2649600;14;12.11.2018;2207;Shipped;38;38;13
10192;46;83600;3845600;2;20.11.2018;2200;Shipped;39;39;13
10204;47;96320;4527040;8;02.12.2018;2189;Shipped;72;72;13
10212;45;88140;3966300;1;16.01.2019;2145;Shipped;22;22;13
10227;47;88140;4142580;14;02.03.2019;2101;Shipped;29;29;13
10241;47;94500;4441500;6;13.04.2019;2060;Shipped;81;81;13
10267;38;87240;3315120;3;07.07.2019;1976;Shipped;72;72;13
10279;49;79970;3918530;3;09.08.2019;1944;Shipped;22;22;13
10288;35;80870;2830450;9;01.09.2019;1922;Shipped;63;63;13
10302;49;108140;5298860;5;06.10.2018;2253;Shipped;21;21;13
10311;28;93600;2620800;4;16.10.2019;1879;Shipped;22;22;13
10321;30;72700;2181000;1;04.11.2019;1861;Shipped;20;20;13
10332;39;86720;3382080;7;17.11.2019;1849;Shipped;75;75;13
10346;25;115070;2876750;1;29.11.2019;1838;Shipped;82;82;13
10368;40;102680;4107200;2;19.01.2020;1788;Shipped;38;38;13
10380;36;37500;1350000;6;16.02.2020;1761;Shipped;22;22;13
10407;76;94500;7182000;6;22.04.2020;1696;On Hold;59;59;13
10420;39;100870;3933930;9;29.05.2020;1660;In Process;19;19;13
10104;44;39600;1742400;10;31.01.2018;2510;Shipped;22;22;1
10114;24;30060;721440;1;01.04.2018;2451;Shipped;60;60;1
10127;39;38190;1489410;12;03.06.2018;2389;Shipped;72;72;1
10141;21;42430;891030;6;01.08.2018;2331;Shipped;71;71;1
10151;30;40310;1209300;4;21.09.2018;2281;Shipped;58;58;1
10165;27;31820;859140;13;22.10.2018;2251;Shipped;25;25;1
10175;37;31120;1151440;2;06.11.2018;2237;Shipped;48;48;1
10184;42;31820;1336440;7;14.11.2018;2230;Shipped;79;79;1
10195;32;28290;905280;7;25.11.2018;2220;Shipped;46;46;1
10207;42;29700;1247400;8;09.12.2018;2207;Shipped;62;62;1
10219;21;40310;846510;3;10.02.2019;2145;Shipped;80;80;1
10229;33;32880;1085040;2;11.03.2019;2117;Shipped;38;38;1
10246;49;36070;1767430;6;05.05.2019;2063;Shipped;22;22;1
10259;31;33240;1030440;5;15.06.2019;2023;Shipped;63;63;1
10271;38;41720;1585360;6;20.07.2019;1989;Shipped;38;38;1
10281;20;40660;813200;2;19.08.2019;1960;Shipped;17;17;1
10292;39;30060;1172340;9;08.09.2019;1941;Shipped;1;1;1
10305;48;31470;1510560;6;13.10.2019;1907;Shipped;14;14;1
10314;39;37130;1448070;15;22.10.2019;1899;Shipped;76;76;1
10324;30;111270;3338100;9;05.11.2019;1886;Shipped;10;10;1
10335;33;37130;1225290;2;19.11.2019;1873;Shipped;38;38;1
10349;36;37130;1336680;3;01.12.2019;1862;Shipped;72;72;1
10358;36;82940;2985840;4;10.12.2019;1854;Shipped;22;22;1
10371;45;123240;5545800;8;23.01.2020;1811;Shipped;38;38;1
10383;40;152240;6089600;3;22.02.2020;1782;Shipped;22;22;1
10394;46;38900;1789400;6;15.03.2020;1761;Shipped;22;22;1
10412;30;36070;1082100;6;03.05.2020;1713;Shipped;22;22;1
10425;31;33240;1030440;5;31.05.2020;1686;In Process;13;13;1
10106;49;74680;3659320;13;17.02.2018;2521;Shipped;84;84;52
10119;41;59600;2443600;4;28.04.2018;2452;Shipped;18;18;52
10131;35;67140;2349900;5;16.06.2018;2404;Shipped;86;86;52
10143;27;60970;1646190;8;10.08.2018;2350;Shipped;49;49;52
10155;23;72620;1670260;6;06.10.2018;2294;Shipped;15;15;52
10167;21;69880;1467480;2;23.10.2018;2278;Cancelled;36;36;52
10178;34;80840;2748560;5;08.11.2018;2263;Shipped;50;50;52
10186;22;69200;1522400;2;14.11.2018;2258;Shipped;51;51;52
10198;48;67820;3255360;5;27.11.2018;2246;Shipped;64;64;52
10222;32;81530;2608960;5;19.02.2019;2163;Shipped;53;53;52
10249;20;67820;1356400;1;08.05.2019;2086;Shipped;32;32;52
10262;24;67140;1611360;10;24.06.2019;2040;Cancelled;22;22;52
10274;40;65080;2603200;2;21.07.2019;2014;Shipped;40;40;52
10284;30;73990;2219700;12;21.08.2019;1984;Shipped;83;83;52
10296;21;71250;1496250;8;15.09.2019;1960;Shipped;87;87;52
10307;25;75360;1884000;2;14.10.2019;1932;Shipped;28;28;52
10316;34;63710;2166140;10;01.11.2019;1915;Shipped;57;57;52
10328;48;58920;2828160;1;12.11.2019;1905;Shipped;84;84;52
10339;55;112990;6214450;12;23.11.2019;1895;Shipped;34;34;52
10351;25;74680;1867000;5;03.12.2019;1886;Shipped;48;48;52
10373;38;70440;2676720;7;31.01.2020;1828;Shipped;58;58;52
10386;39;55960;2182440;1;01.03.2020;1799;Resolved;22;22;52
10398;28;57550;1611400;3;30.03.2020;1771;Shipped;2;2;52
10400;24;61660;1479840;2;01.04.2020;1770;Shipped;59;59;52
10415;21;67820;1424220;1;09.05.2020;1733;Disputed;85;85;52
10110;46;129180;5942280;10;18.03.2018;2517;Shipped;75;75;18
10124;25;93950;2348750;9;21.05.2018;2454;Shipped;82;82;18
10148;34;129180;4392120;3;11.09.2018;2342;Shipped;41;41;18
10161;25;110390;2759750;2;17.10.2018;2307;Shipped;76;76;18
10173;23;118610;2728030;16;05.11.2018;2289;Shipped;84;84;18
10182;20;119790;2395800;13;12.11.2018;2283;Shipped;38;38;18
10192;23;132710;3052330;1;20.11.2018;2276;Shipped;39;39;18
10204;42;101000;4242000;7;02.12.2018;2265;Shipped;72;72;18
10213;27;103350;2790450;3;22.01.2019;2215;Shipped;51;51;18
10227;33;131530;4340490;13;02.03.2019;2177;Shipped;29;29;18
10241;28;98650;2762200;5;13.04.2019;2136;Shipped;81;81;18
10267;43;108040;4645720;2;07.07.2019;2052;Shipped;72;72;18
10279;48;116270;5580960;2;09.08.2019;2020;Shipped;22;22;18
10288;48;136230;6539040;8;01.09.2019;1998;Shipped;63;63;18
10302;45;123310;5548950;4;06.10.2018;2329;Shipped;21;21;18
10311;43;106870;4595410;3;16.10.2019;1955;Shipped;22;22;18
10332;44;42260;1859440;11;17.11.2019;1924;Shipped;75;75;18
10346;24;87240;2093760;5;29.11.2019;1913;Shipped;82;82;18
10368;31;136230;4223130;5;19.01.2020;1863;Shipped;38;38;18
10380;44;36290;1596760;7;16.02.2020;1836;Shipped;22;22;18
10407;59;98650;5820350;5;22.04.2020;1771;On Hold;59;59;18
10420;55;96300;5296500;8;29.05.2020;1735;In Process;19;19;18
10109;29;32100;930900;6;10.03.2018;2547;Shipped;44;44;2
10122;39;30960;1207440;4;08.05.2018;2489;Shipped;65;65;2
10135;20;35870;717400;1;02.07.2018;2435;Shipped;38;38;2
10147;25;42670;1066750;1;05.09.2018;2371;Shipped;40;40;2
10171;36;35490;1277640;4;05.11.2018;2311;Shipped;42;42;2
10181;37;42670;1578790;8;12.11.2018;2305;Shipped;7;7;2
10192;30;30590;917700;13;20.11.2018;2298;Shipped;39;39;2
10203;21;37000;777000;2;02.12.2018;2287;Shipped;22;22;2
10212;34;43420;1476280;12;16.01.2019;2243;Shipped;22;22;2
10225;42;36630;1538460;3;22.02.2019;2207;Shipped;67;67;2
10239;20;44560;891200;2;12.04.2019;2159;Shipped;58;58;2
10253;40;42670;1706800;7;01.06.2019;2110;Cancelled;21;21;2
10266;34;40400;1373600;8;06.07.2019;2076;Shipped;68;68;2
10278;31;38890;1205590;8;06.08.2019;2046;Shipped;82;82;2
10287;36;39650;1427400;6;30.08.2019;2023;Shipped;67;67;2
10301;48;34360;1649280;10;05.10.2018;2353;Shipped;83;83;2
10310;33;41910;1383030;4;16.10.2019;1978;Shipped;66;66;2
10321;37;33230;1229510;12;04.11.2019;1960;Shipped;20;20;2
10331;27;42240;1140480;13;17.11.2019;1948;Shipped;44;44;2
10342;39;40400;1575600;9;24.11.2019;1942;Shipped;9;9;2
10355;36;38520;1386720;4;07.12.2019;1930;Shipped;22;22;2
10367;36;139400;5018400;2;12.01.2020;1895;Resolved;4;4;2
10378;41;142850;5856850;7;10.02.2020;1867;Shipped;22;22;2
10390;37;132290;4894730;5;04.03.2020;1845;Shipped;38;38;2
10405;47;44560;2094320;2;14.04.2020;1805;Shipped;81;81;2
10419;15;42670;640050;7;17.05.2020;1773;Shipped;18;18;2
10105;44;72580;3193520;4;11.02.2018;2600;Shipped;47;47;98
10119;35;87620;3066700;13;28.04.2018;2525;Shipped;18;18;98
10129;41;94710;3883110;4;12.06.2018;2481;Shipped;48;48;98
10142;49;98250;4814250;1;08.08.2018;2425;Shipped;38;38;98
10154;31;91170;2826270;2;02.10.2018;2371;Shipped;78;78;98
10167;20;79660;1593200;11;23.10.2018;2351;Cancelled;36;36;98
10177;45;72580;3266100;2;07.11.2018;2337;Shipped;74;74;98
10185;33;74350;2453550;2;14.11.2018;2331;Shipped;49;49;98
10197;47;83200;3910400;8;26.11.2018;2320;Shipped;52;52;98
10208;20;89400;1788000;2;02.01.2019;2284;Shipped;29;29;98
10222;47;70810;3328070;14;19.02.2019;2237;Shipped;53;53;98
10233;40;94710;3788400;2;29.03.2019;2200;Shipped;11;11;98
10248;30;101790;3053700;5;07.05.2019;2162;Cancelled;1;1;98
10261;22;91170;2005740;3;17.06.2019;2122;Shipped;42;42;98
10273;27;103560;2796120;6;21.07.2019;2089;Shipped;54;54;98
10283;34;92940;3159960;8;20.08.2019;2060;Shipped;55;55;98
10295;46;84970;3908620;3;10.09.2019;2040;Shipped;56;56;98
10306;31;84080;2606480;2;14.10.2019;2007;Shipped;75;75;98
10315;24;86740;2081760;1;29.10.2019;1993;Shipped;13;13;98
10326;41;85850;3519850;3;09.11.2019;1983;Shipped;23;23;98
10339;55;195600;10758000;13;23.11.2019;1970;Shipped;34;34;98
10350;30;100700;3021000;9;02.12.2019;1962;Shipped;22;22;98
10373;33;57320;1891560;12;31.01.2020;1903;Shipped;58;58;98
10396;27;83200;2246400;7;23.03.2020;1852;Shipped;38;38;98
10414;60;101790;6107400;5;06.05.2020;1809;On Hold;56;56;98
10110;27;73620;1987740;12;18.03.2018;2590;Shipped;75;75;12
10124;49;83040;4068960;11;21.05.2018;2527;Shipped;82;82;12
10148;31;73620;2282220;5;11.09.2018;2415;Shipped;41;41;12
10161;20;77050;1541000;4;17.10.2018;2380;Shipped;76;76;12
10172;24;81330;1951920;2;05.11.2018;2362;Shipped;12;12;12
10182;33;94170;3107610;15;12.11.2018;2356;Shipped;38;38;12
10192;32;72770;2328640;3;20.11.2018;2349;Shipped;39;39;12
10204;40;79620;3184800;9;02.12.2018;2338;Shipped;72;72;12
10212;27;79620;2149740;2;16.01.2019;2294;Shipped;22;22;12
10227;40;79620;3184800;15;02.03.2019;2250;Shipped;29;29;12
10241;26;81330;2114580;7;13.04.2019;2209;Shipped;81;81;12
10267;44;96740;4256560;4;07.07.2019;2125;Shipped;72;72;12
10279;33;71060;2344980;4;09.08.2019;2093;Shipped;22;22;12
10288;34;68490;2328660;10;01.09.2019;2071;Shipped;63;63;12
10302;48;74480;3575040;6;06.10.2018;2402;Shipped;21;21;12
10311;25;83040;2076000;5;16.10.2019;2028;Shipped;22;22;12
10321;39;84750;3305250;2;04.11.2019;2010;Shipped;20;20;12
10332;45;34190;1538550;12;17.11.2019;1998;Shipped;75;75;12
10346;24;138580;3325920;2;29.11.2019;1987;Shipped;82;82;12
10368;46;79620;3662520;1;19.01.2020;1937;Shipped;38;38;12
10380;44;79060;3478640;9;16.02.2020;1910;Shipped;22;22;12
10407;13;81330;1057290;7;22.04.2020;1845;On Hold;59;59;12
10420;35;96740;3385900;10;29.05.2020;1809;In Process;19;19;12
10108;30;63070;1892100;5;03.03.2018;2628;Shipped;64;64;5
10122;34;50210;1707140;9;08.05.2018;2563;Shipped;65;65;5
10135;27;66130;1785510;6;02.07.2018;2509;Shipped;38;38;5
10147;30;68580;2057400;6;05.09.2018;2445;Shipped;40;40;5
10169;34;50210;1707140;1;04.11.2018;2386;Shipped;41;41;5
10181;23;65520;1506960;13;12.11.2018;2379;Shipped;7;7;5
10191;48;60010;2880480;2;20.11.2018;2372;Shipped;66;66;5
10203;34;64900;2206600;7;02.12.2018;2361;Shipped;22;22;5
10211;48;48980;2351040;1;15.01.2019;2318;Shipped;8;8;5
10225;24;50210;1205040;8;22.02.2019;2281;Shipped;67;67;5
10238;47;62450;2935150;2;09.04.2019;2236;Shipped;47;47;5
10253;24;52660;1263840;12;01.06.2019;2184;Cancelled;21;21;5
10266;47;62450;2935150;13;06.07.2019;2150;Shipped;68;68;5
10276;20;61230;1224600;2;02.08.2019;2124;Shipped;69;69;5
10287;20;67970;1359400;11;30.08.2019;2097;Shipped;67;67;5
10300;31;58780;1822180;4;04.10.2018;2428;Shipped;70;70;5
10310;38;56940;2163720;9;16.10.2019;2052;Shipped;66;66;5
10320;26;61230;1591980;2;03.11.2019;2035;Shipped;23;23;5
10331;25;123140;3078500;9;17.11.2019;2022;Shipped;44;44;5
10342;48;62450;2997600;10;24.11.2019;2016;Shipped;9;9;5
10355;44;62450;2747800;6;07.12.2019;2004;Shipped;22;22;5
10363;21;116560;2447760;15;06.01.2020;1975;Shipped;71;71;5
10378;46;41540;1910840;6;10.02.2020;1941;Shipped;22;22;5
10390;46;52840;2430640;6;04.03.2020;1919;Shipped;38;38;5
10419;55;52660;2896300;12;17.05.2020;1846;Shipped;18;18;5
10106;31;52600;1630600;14;17.02.2018;2667;Shipped;84;84;94
10119;20;72980;1459600;5;28.04.2018;2598;Shipped;18;18;94
10131;29;59180;1716220;6;16.06.2018;2550;Shipped;86;86;94
10143;33;77590;2560470;9;10.08.2018;2496;Shipped;49;49;94
10155;34;55890;1900260;7;06.10.2018;2440;Shipped;15;15;94
10167;32;63120;2019840;3;23.10.2018;2424;Cancelled;36;36;94
10178;27;73640;1988280;6;08.11.2018;2409;Shipped;50;50;94
10186;21;69040;1449840;3;14.11.2018;2404;Shipped;51;51;94
10198;27;71670;1935090;6;27.11.2018;2392;Shipped;64;64;94
10222;43;70350;3025050;6;19.02.2019;2309;Shipped;53;53;94
10249;25;69700;1742500;2;08.05.2019;2232;Shipped;32;32;94
10262;46;70350;3236100;11;24.06.2019;2186;Cancelled;22;22;94
10274;24;72330;1735920;3;21.07.2019;2160;Shipped;40;40;94
10284;39;71670;2795130;13;21.08.2019;2130;Shipped;83;83;94
10296;31;53920;1671520;9;15.09.2019;2106;Shipped;87;87;94
10307;22;71670;1576740;3;14.10.2019;2078;Shipped;28;28;94
10316;47;76930;3615710;11;01.11.2019;2061;Shipped;57;57;94
10328;20;72980;1459600;2;12.11.2019;2051;Shipped;84;84;94
10339;29;99690;2891010;14;23.11.2019;2041;Shipped;34;34;94
10351;38;68380;2598440;4;03.12.2019;2032;Shipped;48;48;94
10361;34;113880;3871920;6;17.12.2019;2019;Shipped;19;19;94
10373;46;66000;3036000;11;31.01.2020;1975;Shipped;58;58;94
10386;35;63760;2231600;9;01.03.2020;1946;Resolved;22;22;94
10398;34;71670;2436780;13;30.03.2020;1918;Shipped;2;2;94
10400;38;57200;2173600;3;01.04.2020;1917;Shipped;59;59;94
10415;18;69700;1254600;2;09.05.2020;1880;Disputed;85;85;94
10110;37;100660;3724420;14;18.03.2018;2664;Shipped;75;75;15
10124;43;121000;5203000;13;21.05.2018;2601;Shipped;82;82;15
10148;27;128500;3469500;7;11.09.2018;2489;Shipped;41;41;15
10161;30;104940;3148200;6;17.10.2018;2454;Shipped;76;76;15
10172;22;98510;2167220;4;05.11.2018;2436;Shipped;12;12;15
10182;49;127430;6244070;17;12.11.2018;2430;Shipped;38;38;15
10192;46;121000;5566000;5;20.11.2018;2423;Shipped;39;39;15
10204;48;91020;4368960;11;02.12.2018;2412;Shipped;72;72;15
10212;46;87810;4039260;4;16.01.2019;2368;Shipped;22;22;15
10226;48;92090;4420320;2;26.02.2019;2328;Shipped;53;53;15
10241;27;86730;2341710;9;13.04.2019;2283;Shipped;81;81;15
10267;43;118860;5110980;6;07.07.2019;2199;Shipped;72;72;15
10279;48;128500;6168000;6;09.08.2019;2167;Shipped;22;22;15
10288;41;118860;4873260;12;01.09.2019;2145;Shipped;63;63;15
10301;22;96370;2120140;2;05.10.2018;2477;Shipped;83;83;15
10311;46;92090;4236140;7;16.10.2019;2102;Shipped;22;22;15
10321;21;89950;1888950;4;04.11.2019;2084;Shipped;20;20;15
10332;31;37180;1152580;13;17.11.2019;2072;Shipped;75;75;15
10346;26;95880;2492880;6;29.11.2019;2061;Shipped;82;82;15
10368;20;99580;1991600;4;19.01.2020;2011;Shipped;38;38;15
10380;34;116270;3953180;11;16.02.2020;1984;Shipped;22;22;15
10407;43;86730;3729390;9;22.04.2020;1919;On Hold;59;59;15
10420;26;100660;2617160;12;29.05.2020;1883;In Process;19;19;15
10105;50;79670;3983500;1;11.02.2018;2722;Shipped;47;47;96
10119;35;90570;3169950;10;28.04.2018;2647;Shipped;18;18;96
10129;50;77990;3899500;1;12.06.2018;2603;Shipped;48;48;96
10143;23;80510;1851730;14;10.08.2018;2545;Shipped;49;49;96
10155;37;67930;2513410;12;06.10.2018;2489;Shipped;15;15;96
10167;29;83860;2431940;8;23.10.2018;2473;Cancelled;36;36;96
10178;21;72120;1514520;11;08.11.2018;2458;Shipped;50;50;96
10186;36;85540;3079440;8;14.11.2018;2453;Shipped;51;51;96
10197;22;86380;1900360;5;26.11.2018;2442;Shipped;52;52;96
10222;46;80510;3703460;11;19.02.2019;2358;Shipped;53;53;96
10248;23;76310;1755130;2;07.05.2019;2282;Cancelled;1;1;96
10262;49;87210;4273290;16;24.06.2019;2235;Cancelled;22;22;96
10273;48;83020;3984960;3;21.07.2019;2209;Shipped;54;54;96
10283;33;72960;2407680;5;20.08.2019;2180;Shipped;55;55;96
10296;22;77150;1697300;14;15.09.2019;2155;Shipped;87;87;96
10307;22;91410;2011020;8;14.10.2019;2127;Shipped;28;28;96
10316;25;92250;2306250;16;01.11.2019;2110;Shipped;57;57;96
10326;20;92250;1845000;2;09.11.2019;2103;Shipped;23;23;96
10339;42;59360;2493120;16;23.11.2019;2090;Shipped;34;34;96
10350;25;60340;1508500;10;02.12.2019;2082;Shipped;22;22;96
10373;23;104100;2394300;10;31.01.2020;2023;Shipped;58;58;96
10385;37;85540;3164980;2;28.02.2020;1996;Shipped;38;38;96
10396;37;90570;3351090;8;23.03.2020;1973;Shipped;38;38;96
10400;42;72960;3064320;8;01.04.2020;1965;Shipped;59;59;96
10414;51;76310;3891810;2;06.05.2020;1931;On Hold;56;56;96
10108;40;136220;5448800;1;03.03.2018;2727;Shipped;64;64;23
10122;43;127790;5494970;5;08.05.2018;2662;Shipped;65;65;23
10135;47;134810;6336070;2;02.07.2018;2608;Shipped;38;38;23
10147;23;126390;2906970;2;05.09.2018;2544;Shipped;40;40;23
10170;34;112340;3819560;1;04.11.2018;2485;Shipped;61;61;23
10181;25;154470;3861750;9;12.11.2018;2478;Shipped;7;7;23
10192;45;140430;6319350;14;20.11.2018;2471;Shipped;39;39;23
10203;47;148860;6996420;3;02.12.2018;2460;Shipped;22;22;23
10212;49;141830;6949670;13;16.01.2019;2416;Shipped;22;22;23
10225;40;113750;4550000;4;22.02.2019;2380;Shipped;67;67;23
10239;29;154470;4479630;3;12.04.2019;2332;Shipped;58;58;23
10253;39;132000;5148000;8;01.06.2019;2283;Cancelled;21;21;23
10266;24;122170;2932080;9;06.07.2019;2249;Shipped;68;68;23
10278;25;126390;3159750;9;06.08.2019;2219;Shipped;82;82;23
10287;36;119370;4297320;7;30.08.2019;2196;Shipped;67;67;23
10301;50;154470;7723500;11;05.10.2018;2526;Shipped;83;83;23
10310;45;122170;5497650;5;16.10.2019;2151;Shipped;66;66;23
10321;26;155880;4052880;13;04.11.2019;2133;Shipped;20;20;23
10331;21;149330;3135930;1;17.11.2019;2121;Shipped;44;44;23
10342;42;119370;5013540;6;24.11.2019;2115;Shipped;9;9;23
10355;32;165710;5302720;8;07.12.2019;2103;Shipped;22;22;23
10363;31;94580;2931980;1;06.01.2020;2074;Shipped;71;71;23
10378;33;53270;1757910;3;10.02.2020;2040;Shipped;22;22;23
10390;45;150290;6763050;8;04.03.2020;2018;Shipped;38;38;23
10405;76;154470;11739720;3;14.04.2020;1978;Shipped;81;81;23
10419;70;132000;9240000;8;17.05.2020;1946;Shipped;18;18;23
10106;50;64830;3241500;11;17.02.2018;2767;Shipped;84;84;53
10119;28;70290;1968120;2;28.04.2018;2698;Shipped;18;18;53
10131;50;81890;4094500;3;16.06.2018;2650;Shipped;86;86;53
10143;28;66190;1853320;6;10.08.2018;2596;Shipped;49;49;53
10155;44;77110;3392840;4;06.10.2018;2540;Shipped;15;15;53
10168;27;73020;1971540;18;28.10.2018;2519;Shipped;5;5;53
10178;30;72330;2169900;3;08.11.2018;2509;Shipped;50;50;53
10198;43;66190;2846170;3;27.11.2018;2491;Shipped;64;64;53
10210;29;69600;2018400;16;12.01.2019;2446;Shipped;43;43;53
10222;48;56640;2718720;3;19.02.2019;2409;Shipped;53;53;53
10235;33;60050;1981650;12;02.04.2019;2368;Shipped;55;55;53
10250;40;75060;3002400;13;11.05.2019;2330;Shipped;59;59;53
10262;48;61420;2948160;8;24.06.2019;2287;Cancelled;22;22;53
10275;41;81890;3357490;18;23.07.2019;2259;Shipped;13;13;53
10284;21;55960;1175160;10;21.08.2019;2231;Shipped;83;83;53
10296;32;71650;2292800;6;15.09.2019;2207;Shipped;87;87;53
10308;43;76430;3286490;16;15.10.2019;2178;Shipped;46;46;53
10316;30;77790;2333700;8;01.11.2019;2162;Shipped;57;57;53
10328;35;76430;2675050;3;12.11.2019;2152;Shipped;84;84;53
10339;45;96920;4361400;11;23.11.2019;2142;Shipped;34;34;53
10351;34;59370;2018580;3;03.12.2019;2133;Shipped;48;48;53
10361;26;142730;3710980;7;17.12.2019;2120;Shipped;19;19;53
10373;39;73000;2847000;13;31.01.2020;2076;Shipped;58;58;53
10386;41;73320;3006120;12;01.03.2020;2047;Resolved;22;22;53
10398;41;68240;2797840;2;30.03.2020;2019;Shipped;2;2;53
10401;64;60050;3843200;12;03.04.2020;2016;On Hold;11;11;53
10416;18;75060;1351080;13;10.05.2020;1980;Shipped;68;68;53
10100;49;34470;1689030;1;06.01.2018;2836;Shipped;39;39;87
10110;48;34470;1654560;5;18.03.2018;2766;Shipped;75;75;87
10124;46;33230;1528580;4;21.05.2018;2703;Shipped;82;82;87
10149;26;38980;1013480;9;12.09.2018;2590;Shipped;80;80;87
10173;35;33230;1163050;11;05.11.2018;2537;Shipped;84;84;87
10182;23;42260;971980;8;12.11.2018;2531;Shipped;38;38;87
10193;22;41030;902660;12;21.11.2018;2523;Shipped;85;85;87
10204;39;33230;1295970;2;02.12.2018;2513;Shipped;72;72;87
10214;44;34880;1534720;5;26.01.2019;2459;Shipped;24;24;87
10227;27;43900;1185300;8;02.03.2019;2425;Shipped;29;29;87
10242;46;36930;1698780;1;20.04.2019;2377;Shipped;77;77;87
10280;33;41850;1381050;14;17.08.2019;2259;Shipped;35;35;87
10288;33;40620;1340460;3;01.09.2019;2245;Shipped;63;63;87
10303;24;40210;965040;1;06.10.2019;2211;Shipped;79;79;87
10312;31;35290;1093990;15;21.10.2019;2197;Shipped;38;38;87
10332;41;77240;3166840;14;17.11.2019;2171;Shipped;75;75;87
10346;22;97440;2143680;4;29.11.2019;2160;Shipped;82;82;87
10368;46;37340;1717640;3;19.01.2020;2110;Shipped;38;38;87
10380;43;95030;4086290;12;16.02.2020;2083;Shipped;22;22;87
10408;15;36930;553950;1;22.04.2020;2018;Shipped;34;34;87
10420;15;43490;652350;3;29.05.2020;1982;In Process;19;19;87
10104;26;112370;2921620;5;31.01.2018;2832;Shipped;22;22;19
10115;44;126560;5568640;1;04.04.2018;2770;Shipped;26;26;19
10127;20;96990;1939800;7;03.06.2018;2711;Shipped;72;72;19
10141;40;94620;3784800;1;01.08.2018;2653;Shipped;71;71;19
10152;23;121830;2802090;3;25.09.2018;2599;Shipped;27;27;19
10165;24;99360;2384640;8;22.10.2018;2573;Shipped;25;25;19
10176;29;100540;2915660;7;06.11.2018;2559;Shipped;68;68;19
10184;49;118280;5795720;2;14.11.2018;2552;Shipped;79;79;19
10195;34;108820;3699880;2;25.11.2018;2542;Shipped;46;46;19
10207;28;106450;2980600;3;09.12.2018;2529;Shipped;62;62;19
10220;37;136020;5032740;7;12.02.2019;2465;Shipped;73;73;19
10230;45;105270;4737150;5;15.03.2019;2435;Shipped;70;70;19
10246;46;137200;6311200;1;05.05.2019;2385;Shipped;22;22;19
10271;22;139570;3070540;1;20.07.2019;2310;Shipped;38;38;19
10282;39;123010;4797390;10;20.08.2019;2280;Shipped;38;38;19
10292;27;141940;3832380;4;08.09.2019;2262;Shipped;1;1;19
10305;36;128930;4641480;1;13.10.2019;2228;Shipped;14;14;19
10314;38;105270;4000260;10;22.10.2019;2220;Shipped;76;76;19
10325;44;121040;5325760;5;05.11.2019;2207;Shipped;16;16;19
10336;31;148990;4618690;5;20.11.2019;2193;Shipped;60;60;19
10349;23;138390;3182970;2;01.12.2019;2183;Shipped;72;72;19
10359;22;118320;2603040;7;15.12.2019;2170;Shipped;2;2;19
10371;28;50320;1408960;9;23.01.2020;2132;Shipped;38;38;19
10383;21;93910;1972110;4;22.02.2020;2103;Shipped;22;22;19
10394;37;140750;5207750;7;15.03.2020;2082;Shipped;22;22;19
10412;31;137200;4253200;1;03.05.2020;2034;Shipped;22;22;19
10103;25;114920;2873000;15;29.01.2018;2860;Shipped;16;16;100
10126;34;105180;3576120;15;28.05.2018;2742;Shipped;24;24;100
10139;29;112970;3276130;4;16.07.2018;2694;Shipped;19;19;100
10149;20;90570;1811400;1;12.09.2018;2637;Shipped;80;80;100
10163;42;91550;3845100;5;20.10.2018;2600;Shipped;26;26;100
10173;22;116870;2571140;3;05.11.2018;2585;Shipped;84;84;100
10183;47;107130;5035110;12;13.11.2018;2578;Shipped;28;28;100
10193;20;113950;2279000;4;21.11.2018;2571;Shipped;85;85;100
10206;33;97390;3213870;10;05.12.2018;2558;Shipped;30;30;100
10215;39;90570;3532230;7;29.01.2019;2504;Shipped;31;31;100
10228;33;103230;3406590;6;10.03.2019;2465;Shipped;32;32;100
10244;40;86680;3467200;4;29.04.2019;2416;Shipped;22;22;100
10257;46;78890;3628940;4;14.06.2019;2371;Shipped;59;59;100
10269;48;97390;4674720;2;16.07.2019;2340;Shipped;18;18;100
10280;21;78890;1656690;6;17.08.2019;2309;Shipped;35;35;100
10290;45;114920;5171400;1;07.09.2019;2289;Shipped;89;89;100
10304;33;101290;3342570;10;11.10.2019;2256;Shipped;37;37;100
10312;44;111020;4884880;7;21.10.2019;2247;Shipped;38;38;100
10324;33;189930;6267690;3;05.11.2019;2233;Shipped;10;10;100
10348;39;50310;1962090;2;01.11.2019;2238;Shipped;24;24;100
10358;41;167000;6847000;6;10.12.2019;2200;Shipped;22;22;100
10369;40;86920;3476800;3;20.01.2020;2160;Shipped;40;40;100
10382;33;139170;4592610;4;17.02.2020;2133;Shipped;38;38;100
10423;28;78890;2208920;4;30.05.2020;2031;In Process;54;54;100
10106;26;63760;1657760;3;17.02.2018;2865;Shipped;84;84;54
10120;29;85490;2479210;9;29.04.2018;2795;Shipped;9;9;54
10133;46;77520;3565920;4;27.06.2018;2737;Shipped;22;22;54
10145;33;84770;2797410;15;25.08.2018;2679;Shipped;4;4;54
10168;48;78250;3756000;10;28.10.2018;2616;Shipped;5;5;54
10210;40;71000;2840000;8;12.01.2019;2541;Shipped;43;43;54
10223;23;74620;1716260;10;20.02.2019;2503;Shipped;9;9;54
10235;40;81140;3245600;4;02.04.2019;2463;Shipped;55;55;54
10250;37;74620;2760940;5;11.05.2019;2425;Shipped;59;59;54
10263;24;75350;1808400;11;28.06.2019;2378;Shipped;12;12;54
10275;27;62310;1682370;10;23.07.2019;2354;Shipped;13;13;54
10284;21;71000;1491000;2;21.08.2019;2326;Shipped;83;83;54
10297;23;72450;1666350;5;16.09.2019;2301;Shipped;73;73;54
10308;44;83320;3666080;8;15.10.2019;2273;Shipped;46;46;54
10317;35;83320;2916200;1;02.11.2019;2256;Shipped;5;5;54
10328;43;60860;2616980;4;12.11.2019;2247;Shipped;84;84;54
10340;40;84770;3390800;1;24.11.2019;2236;Shipped;52;52;54
10353;35;89900;3146500;3;04.12.2019;2227;Shipped;86;86;54
10361;25;62460;1561500;1;17.12.2019;2215;Shipped;19;19;54
10375;43;233480;10039640;2;03.02.2020;2168;Shipped;13;13;54
10386;50;63340;3167000;8;01.03.2020;2142;Resolved;22;22;54
10398;45;78250;3521250;14;30.03.2020;2114;Shipped;2;2;54
10401;52;81140;4219280;4;03.04.2020;2111;On Hold;11;11;54
10416;48;74620;3581760;5;10.05.2020;2075;Shipped;68;68;54
10108;31;68710;2130010;10;03.03.2018;2875;Shipped;64;64;11
10122;29;71140;2063060;14;08.05.2018;2810;Shipped;65;65;11
10135;23;87310;2008130;11;02.07.2018;2756;Shipped;38;38;11
10147;31;64670;2004770;11;05.09.2018;2692;Shipped;40;40;11
10169;24;94580;2269920;6;04.11.2018;2633;Shipped;41;41;11
10180;28;71140;1991920;1;11.11.2018;2627;Shipped;6;6;11
10191;44;66290;2916760;7;20.11.2018;2619;Shipped;66;66;11
10211;22;92160;2027520;6;15.01.2019;2564;Shipped;8;8;11
10225;46;70330;3235180;13;22.02.2019;2527;Shipped;67;67;11
10238;22;93770;2062940;7;09.04.2019;2482;Shipped;47;47;11
10252;38;87310;3317780;3;26.05.2019;2436;Shipped;8;8;11
10264;47;83270;3913690;1;30.06.2019;2402;Shipped;56;56;11
10276;48;75180;3608640;7;02.08.2019;2370;Shipped;69;69;11
10287;40;88120;3524800;16;30.08.2019;2343;Shipped;67;67;11
10299;32;80840;2586880;1;30.09.2019;2313;Shipped;15;15;11
10310;49;97010;4753490;14;16.10.2019;2298;Shipped;66;66;11
10319;43;85690;3684670;2;03.11.2019;2281;Shipped;77;77;11
10331;41;139400;5715400;2;17.11.2019;2268;Shipped;44;44;11
10343;30;103290;3098700;1;24.11.2019;2262;Shipped;2;2;11
10355;28;95390;2670920;9;07.12.2019;2250;Shipped;22;22;11
10363;43;119870;5154410;9;06.01.2020;2221;Shipped;71;71;11
10378;41;119370;4894170;2;10.02.2020;2187;Shipped;22;22;11
10390;30;82420;2472600;10;04.03.2020;2165;Shipped;38;38;11
10103;31;104010;3224310;3;29.01.2018;2931;Shipped;16;16;78
10114;32;114610;3667520;7;01.04.2018;2870;Shipped;60;60;78
10126;43;96310;4141330;3;28.05.2018;2814;Shipped;24;24;78
10140;26;108830;2829580;3;24.07.2018;2758;Shipped;5;5;78
10151;27;113650;3068550;10;21.09.2018;2700;Shipped;58;58;78
10164;24;109790;2634960;1;21.10.2018;2671;Resolved;61;61;78
10175;22;110760;2436720;8;06.11.2018;2656;Shipped;48;48;78
10184;46;100160;4607360;13;14.11.2018;2649;Shipped;79;79;78
10194;37;97270;3598990;3;25.11.2018;2639;Shipped;29;29;78
10207;49;80900;3964100;14;09.12.2018;2626;Shipped;62;62;78
10217;21;106900;2244900;3;04.02.2019;2570;Shipped;63;63;78
10229;25;111720;2793000;8;11.03.2019;2536;Shipped;38;38;78
10245;37;111720;4133640;1;04.05.2019;2483;Shipped;33;33;78
10259;45;86680;3900600;11;15.06.2019;2442;Shipped;63;63;78
10270;32;85720;2743040;1;19.07.2019;2409;Shipped;19;19;78
10281;29;82830;2402070;8;19.08.2019;2379;Shipped;17;17;78
10291;26;83790;2178540;3;08.09.2019;2360;Shipped;36;36;78
10305;28;112680;3155040;12;13.10.2019;2326;Shipped;14;14;78
10313;27;87640;2366280;6;22.10.2019;2318;Shipped;30;30;78
10324;20;98180;1963600;11;05.11.2019;2305;Shipped;10;10;78
10335;44;107870;4746280;1;19.11.2019;2292;Shipped;38;38;78
10348;42;152070;6386940;3;01.11.2019;2311;Shipped;24;24;78
10358;41;108000;4428000;1;10.12.2019;2273;Shipped;22;22;78
10371;26;155540;4044040;1;23.01.2020;2230;Shipped;38;38;78
10382;26;104170;2708420;6;17.02.2020;2206;Shipped;38;38;78
10411;26;111720;2904720;1;01.05.2020;2133;Shipped;42;42;78
10425;41;86680;3553880;11;31.05.2020;2104;In Process;13;13;78
10107;20;92900;1858000;8;24.02.2018;2932;Shipped;1;1;45
10120;22;111880;2461360;6;29.04.2018;2869;Shipped;9;9;45
10133;23;114870;2642010;1;27.06.2018;2811;Shipped;22;22;45
10145;33;93900;3098700;12;25.08.2018;2753;Shipped;4;4;45
10168;28;115870;3244360;7;28.10.2018;2690;Shipped;5;5;45
10188;44;98890;4351160;7;18.11.2018;2670;Shipped;7;7;45
10210;46;79910;3675860;5;12.01.2019;2616;Shipped;43;43;45
10223;21;117870;2475270;7;20.02.2019;2578;Shipped;9;9;45
10235;41;101890;4177490;1;02.04.2019;2538;Shipped;55;55;45
10250;31;105880;3282280;2;11.05.2019;2500;Shipped;59;59;45
10263;31;79910;2477210;8;28.06.2019;2453;Shipped;12;12;45
10275;23;81910;1883930;7;23.07.2019;2429;Shipped;13;13;45
10285;37;98890;3658930;12;27.08.2019;2395;Shipped;14;14;45
10297;26;109880;2856880;2;16.09.2019;2376;Shipped;73;73;45
10308;24;79910;1917840;5;15.10.2019;2348;Shipped;46;46;45
10318;47;112880;5305360;7;02.11.2019;2331;Shipped;17;17;45
10329;45;63910;2875950;11;15.11.2019;2319;Shipped;1;1;45
10340;55;117870;6482850;2;24.11.2019;2311;Shipped;52;52;45
10353;46;81170;3733820;5;04.12.2019;2302;Shipped;86;86;45
10363;50;131530;6576500;2;06.01.2020;2270;Shipped;71;71;45
10375;37;171710;6353270;3;03.02.2020;2243;Shipped;13;13;45
10387;44;94900;4175600;1;02.03.2020;2216;Shipped;25;25;45
10401;49;101890;4992610;1;03.04.2020;2185;On Hold;11;11;45
10416;45;105880;4764600;2;10.05.2020;2149;Shipped;68;68;45
10108;27;43450;1173150;13;03.03.2018;2949;Shipped;64;64;38
10122;31;44660;1384460;17;08.05.2018;2884;Shipped;65;65;38
10135;33;40230;1327590;14;02.07.2018;2830;Shipped;38;38;38
10145;31;35800;1109800;1;25.08.2018;2777;Shipped;4;4;38
10169;26;39830;1035580;9;04.11.2018;2707;Shipped;41;41;38
10180;34;45460;1545640;4;11.11.2018;2701;Shipped;6;6;38
10190;46;32990;1517540;1;19.11.2018;2694;Shipped;22;22;38
10211;41;42240;1731840;9;15.01.2019;2638;Shipped;8;8;38
10224;43;39430;1695490;2;21.02.2019;2602;Shipped;6;6;38
10237;26;40230;1045980;2;05.04.2019;2560;Shipped;10;10;38
10252;36;48280;1738080;6;26.05.2019;2510;Shipped;8;8;38
10264;20;32590;651800;4;30.06.2019;2476;Shipped;56;56;38
10276;27;36610;988470;10;02.08.2019;2444;Shipped;69;69;38
10285;37;41030;1518110;1;27.08.2019;2420;Shipped;14;14;38
10299;24;42240;1013760;4;30.09.2019;2387;Shipped;15;15;38
10310;36;43050;1549800;17;16.10.2019;2372;Shipped;66;66;38
10319;29;38220;1108380;5;03.11.2019;2355;Shipped;77;77;38
10331;28;146520;4102560;3;17.11.2019;2342;Shipped;44;44;38
10343;29;128040;3713160;5;24.11.2019;2336;Shipped;2;2;38
10355;38;39830;1513540;10;07.12.2019;2324;Shipped;22;22;38
10364;48;48280;2317440;1;06.01.2020;2295;Shipped;65;65;38
10378;40;82460;3298400;1;10.02.2020;2261;Shipped;22;22;38
10390;41;44560;1826960;11;04.03.2020;2239;Shipped;38;38;38
10403;30;40230;1206900;2;08.04.2020;2205;Shipped;21;21;38
10104;35;47620;1666700;11;31.01.2018;3004;Shipped;22;22;75
10114;28;55730;1560440;2;01.04.2018;2945;Shipped;60;60;75
10127;45;51950;2337750;13;03.06.2018;2883;Shipped;72;72;75
10141;24;45990;1103760;7;01.08.2018;2825;Shipped;71;71;75
10151;41;63850;2617850;5;21.09.2018;2775;Shipped;58;58;75
10165;48;45990;2207520;14;22.10.2018;2745;Shipped;25;25;75
10175;50;63310;3165500;3;06.11.2018;2731;Shipped;48;48;75
10184;33;62770;2071410;8;14.11.2018;2724;Shipped;79;79;75
10195;32;43290;1385280;8;25.11.2018;2714;Shipped;46;46;75
10207;27;60060;1621620;9;09.12.2018;2701;Shipped;62;62;75
10219;35;55190;1931650;4;10.02.2019;2639;Shipped;80;80;75
10229;23;54110;1244530;3;11.03.2019;2611;Shipped;38;38;75
10246;35;48700;1704500;7;05.05.2019;2557;Shipped;22;22;75
10259;40;43830;1753200;6;15.06.2019;2517;Shipped;63;63;75
10271;35;47620;1666700;7;20.07.2019;2483;Shipped;38;38;75
10281;31;55190;1710890;3;19.08.2019;2454;Shipped;17;17;75
10292;50;46530;2326500;10;08.09.2019;2435;Shipped;1;1;75
10305;40;57900;2316000;7;13.10.2019;2401;Shipped;14;14;75
10313;38;45450;1727100;1;22.10.2019;2393;Shipped;30;30;75
10325;38;232740;8844120;3;05.11.2019;2380;Shipped;16;16;75
10335;40;60600;2424000;3;19.11.2019;2367;Shipped;38;38;75
10349;33;46530;1535490;1;01.12.2019;2356;Shipped;72;72;75
10359;36;176630;6358680;3;15.12.2019;2343;Shipped;2;2;75
10371;20;66470;1329400;2;23.01.2020;2305;Shipped;38;38;75
10383;32;53180;1701760;5;22.02.2020;2276;Shipped;22;22;75
10394;36;62770;2259720;3;15.03.2020;2255;Shipped;22;22;75
10412;19;48700;925300;7;03.05.2020;2207;Shipped;22;22;75
10425;11;43830;482130;6;31.05.2020;2180;In Process;13;13;75
10104;49;65870;3227630;4;31.01.2018;3032;Shipped;22;22;73
10116;27;63380;1711260;1;11.04.2018;2963;Shipped;88;88;73
10127;29;70840;2054360;6;03.06.2018;2911;Shipped;72;72;73
10142;42;74570;3131940;16;08.08.2018;2846;Shipped;38;38;73
10152;33;50950;1681350;2;25.09.2018;2799;Shipped;27;27;73
10165;44;53440;2351360;7;22.10.2018;2773;Shipped;25;25;73
10176;22;64000;1408000;6;06.11.2018;2759;Shipped;68;68;73
10184;48;50950;2445600;1;14.11.2018;2752;Shipped;79;79;73
10195;33;54680;1804440;1;25.11.2018;2742;Shipped;46;46;73
10207;45;56550;2544750;2;09.12.2018;2729;Shipped;62;62;73
10220;20;52820;1056400;6;12.02.2019;2665;Shipped;73;73;73
10230;46;60900;2801400;4;15.03.2019;2635;Shipped;70;70;73
10247;40;49710;1988400;6;05.05.2019;2585;Shipped;71;71;73
10272;45;64630;2908350;6;20.07.2019;2510;Shipped;17;17;73
10282;36;59650;2147400;9;20.08.2019;2480;Shipped;38;38;73
10292;31;67730;2099630;3;08.09.2019;2462;Shipped;1;1;73
10306;46;50330;2315180;17;14.10.2019;2427;Shipped;75;75;73
10314;35;66490;2327150;9;22.10.2019;2420;Shipped;76;76;73
10325;28;192050;5377400;2;05.11.2019;2407;Shipped;16;16;73
10336;31;84710;2626010;9;20.11.2019;2393;Shipped;60;60;73
10350;27;163200;4406400;14;02.12.2019;2382;Shipped;22;22;73
10359;22;195510;4301220;1;15.12.2019;2370;Shipped;2;2;73
10371;30;99550;2986500;11;23.01.2020;2332;Shipped;38;38;73
10383;44;36070;1587080;8;22.02.2020;2303;Shipped;22;22;73
10394;30;60280;1808400;4;15.03.2020;2282;Shipped;22;22;73
10413;24;49710;1193040;6;05.05.2020;2232;Shipped;12;12;73
10103;45;75630;3403350;7;29.01.2018;3060;Shipped;16;16;77
10113;23;68520;1575960;1;26.03.2018;3005;Shipped;38;38;77
10126;26;62700;1630200;7;28.05.2018;2943;Shipped;24;24;77
10140;28;60760;1701280;7;24.07.2018;2887;Shipped;5;5;77
10150;49;58180;2850820;4;19.09.2018;2831;Shipped;25;25;77
10164;49;54940;2692060;5;21.10.2018;2800;Resolved;61;61;77
10175;29;74980;2174420;12;06.11.2018;2785;Shipped;48;48;77
10183;49;64640;3167360;4;13.11.2018;2779;Shipped;28;28;77
10194;39;54940;2142660;7;25.11.2018;2768;Shipped;29;29;77
10206;36;58820;2117520;2;05.12.2018;2759;Shipped;30;30;77
10217;39;62050;2419950;7;04.02.2019;2699;Shipped;63;63;77
10229;30;73040;2191200;12;11.03.2019;2665;Shipped;38;38;77
10245;44;69160;3043040;5;04.05.2019;2612;Shipped;33;33;77
10258;20;61410;1228200;2;15.06.2019;2571;Shipped;34;34;77
10270;21;63350;1330350;5;19.07.2019;2538;Shipped;19;19;77
10281;36;77570;2792520;12;19.08.2019;2508;Shipped;17;17;77
10291;32;71750;2296000;7;08.09.2019;2489;Shipped;36;36;77
10304;36;73040;2629440;2;11.10.2019;2457;Shipped;37;37;77
10313;34;56240;1912160;10;22.10.2019;2447;Shipped;30;30;77
10324;48;171030;8209440;4;05.11.2019;2434;Shipped;10;10;77
10348;31;101290;3139990;5;01.11.2019;2439;Shipped;24;24;77
10358;36;157490;5669640;2;10.12.2019;2401;Shipped;22;22;77
10370;25;126410;3160250;3;20.01.2020;2361;Shipped;41;41;77
10382;48;141660;6799680;8;17.02.2020;2334;Shipped;38;38;77
10411;27;69160;1867320;5;01.05.2020;2261;Shipped;42;42;77
10424;44;61410;2702040;2;31.05.2020;2232;In Process;22;22;77
10106;33;72920;2406360;5;17.02.2018;3067;Shipped;84;84;95
10120;29;72230;2094670;11;29.04.2018;2997;Shipped;9;9;95
10133;49;57100;2797900;6;27.06.2018;2939;Shipped;22;22;95
10144;20;81860;1637200;1;13.08.2018;2893;Shipped;88;88;95
10168;31;73610;2281910;12;28.10.2018;2818;Shipped;5;5;95
10210;39;59160;2307240;10;12.01.2019;2743;Shipped;43;43;95
10223;20;66040;1320800;12;20.02.2019;2705;Shipped;9;9;95
10235;34;77730;2642820;6;02.04.2019;2665;Shipped;55;55;95
10250;50;61220;3061000;7;11.05.2019;2627;Shipped;59;59;95
10262;40;79110;3164400;2;24.06.2019;2584;Cancelled;22;22;95
10275;28;63970;1791160;12;23.07.2019;2556;Shipped;13;13;95
10284;50;81860;4093000;4;21.08.2019;2528;Shipped;83;83;95
10297;28;79800;2234400;7;16.09.2019;2503;Shipped;73;73;95
10308;46;66040;3037840;10;15.10.2019;2475;Shipped;46;46;95
10316;24;59160;1419840;2;01.11.2019;2459;Shipped;57;57;95
10328;24;81170;1948080;5;12.11.2019;2449;Shipped;84;84;95
10340;39;59160;2307240;3;24.11.2019;2438;Shipped;52;52;95
10353;40;44510;1780400;7;04.12.2019;2429;Shipped;86;86;95
10361;49;72330;3544170;2;17.12.2019;2417;Shipped;19;19;95
10375;44;82260;3619440;4;03.02.2020;2370;Shipped;13;13;95
10388;35;111970;3918950;8;03.03.2020;2342;Shipped;20;20;95
10398;22;67410;1483020;4;30.03.2020;2316;Shipped;2;2;95
10401;62;77730;4819260;6;03.04.2020;2313;On Hold;11;11;95
10416;26;61220;1591720;7;10.05.2020;2277;Shipped;68;68;95
10108;31;118380;3669780;16;03.03.2018;3077;Shipped;64;64;46
10121;25;86740;2168500;3;07.05.2018;3013;Shipped;2;2;46
10135;30;89800;2694000;17;02.07.2018;2958;Shipped;38;38;46
10145;27;120420;3251340;4;25.08.2018;2905;Shipped;4;4;46
10169;34;115320;3920880;12;04.11.2018;2835;Shipped;41;41;46
10180;22;114300;2514600;7;11.11.2018;2829;Shipped;6;6;46
10190;42;85720;3600240;4;19.11.2018;2822;Shipped;22;22;46
10211;37;109190;4040030;12;15.01.2019;2766;Shipped;8;8;46
10224;30;111230;3336900;5;21.02.2019;2730;Shipped;6;6;46
10237;27;115320;3113640;5;05.04.2019;2688;Shipped;10;10;46
10252;25;113280;2832000;9;26.05.2019;2638;Shipped;8;8;46
10264;34;97970;3330980;7;30.06.2019;2604;Shipped;56;56;46
10276;38;113280;4304640;13;02.08.2019;2572;Shipped;69;69;46
10285;26;100010;2600260;4;27.08.2019;2548;Shipped;14;14;46
10299;38;115320;4382160;7;30.09.2019;2515;Shipped;15;15;46
10309;50;84700;4235000;3;15.10.2019;2501;Shipped;16;16;46
10319;22;119400;2626800;8;03.11.2019;2483;Shipped;77;77;46
10331;32;157080;5026560;4;17.11.2019;2470;Shipped;44;44;46
10341;31;71020;2201620;4;24.11.2019;2464;Shipped;18;18;46
10355;40;108170;4326800;5;07.12.2019;2452;Shipped;22;22;46
10365;22;155690;3425180;3;07.01.2020;2422;Shipped;49;49;46
10375;41;114680;4701880;15;03.02.2020;2396;Shipped;13;13;46
10390;45;48980;2204100;12;04.03.2020;2367;Shipped;38;38;46
10403;45;115320;5189400;5;08.04.2020;2333;Shipped;21;21;46
10106;39;40150;1565850;6;17.02.2018;3115;Shipped;84;84;88
10120;49;50620;2480380;12;29.04.2018;3045;Shipped;9;9;88
10133;27;50190;1355130;7;27.06.2018;2987;Shipped;22;22;88
10143;34;36660;1246440;1;10.08.2018;2944;Shipped;49;49;88
10156;20;41020;820400;1;08.10.2018;2886;Shipped;22;22;88
10168;48;51930;2492640;13;28.10.2018;2867;Shipped;5;5;88
10199;29;38400;1113600;1;01.12.2018;2834;Shipped;31;31;88
10210;43;41020;1763860;11;12.01.2019;2793;Shipped;43;43;88
10223;41;46260;1896660;13;20.02.2019;2755;Shipped;9;9;88
10235;41;35350;1449350;7;02.04.2019;2715;Shipped;55;55;88
10250;36;51930;1869480;8;11.05.2019;2677;Shipped;59;59;88
10262;49;37970;1860530;3;24.06.2019;2634;Cancelled;22;22;88
10275;38;45390;1724820;13;23.07.2019;2606;Shipped;13;13;88
10284;33;51930;1713690;5;21.08.2019;2578;Shipped;83;83;88
10296;26;48440;1259440;1;15.09.2019;2554;Shipped;87;87;88
10308;47;43640;2051080;11;15.10.2019;2525;Shipped;46;46;88
10316;34;47570;1617380;3;01.11.2019;2509;Shipped;57;57;88
10328;34;51930;1765620;7;12.11.2019;2499;Shipped;84;84;88
10340;40;50620;2024800;4;24.11.2019;2488;Shipped;52;52;88
10353;40;82210;3288400;8;04.12.2019;2479;Shipped;86;86;88
10361;33;82590;2725470;3;17.12.2019;2467;Shipped;19;19;88
10375;49;65800;3224200;5;03.02.2020;2420;Shipped;13;13;88
10388;27;118940;3211380;1;03.03.2020;2392;Shipped;20;20;88
10398;49;36660;1796340;5;30.03.2020;2366;Shipped;2;2;88
10401;56;35350;1979600;7;03.04.2020;2363;On Hold;11;11;88
10416;37;51930;1921410;8;10.05.2020;2327;Shipped;68;68;88
10104;33;112280;3705240;7;31.01.2018;3158;Shipped;22;22;79
10115;27;105330;2843910;3;04.04.2018;3096;Shipped;26;26;79
10127;46;134270;6176420;9;03.06.2018;3037;Shipped;72;72;79
10141;44;125010;5500440;3;01.08.2018;2979;Shipped;71;71;79
10151;26;123850;3220100;1;21.09.2018;2929;Shipped;58;58;79
10165;48;94920;4556160;10;22.10.2018;2899;Shipped;25;25;79
10176;23;135430;3114890;9;06.11.2018;2885;Shipped;68;68;79
10184;45;109960;4948200;4;14.11.2018;2878;Shipped;79;79;79
10195;49;105330;5161170;4;25.11.2018;2868;Shipped;46;46;79
10207;28;94920;2657760;5;09.12.2018;2855;Shipped;62;62;79
10220;37;107650;3983050;9;12.02.2019;2791;Shipped;73;73;79
10230;34;116910;3974940;7;15.03.2019;2761;Shipped;70;70;79
10246;22;133110;2928420;3;05.05.2019;2711;Shipped;22;22;79
10259;29;105330;3054570;2;15.06.2019;2671;Shipped;63;63;79
10271;34;98390;3345260;3;20.07.2019;2637;Shipped;38;38;79
10282;38;113440;4310720;12;20.08.2019;2607;Shipped;38;38;79
10292;41;121540;4983140;6;08.09.2019;2589;Shipped;1;1;79
10305;42;109960;4618320;3;13.10.2019;2555;Shipped;14;14;79
10314;28;121540;3403120;12;22.10.2019;2547;Shipped;76;76;79
10325;38;136590;5190420;4;05.11.2019;2534;Shipped;16;16;79
10336;23;136590;3141570;8;20.11.2019;2520;Shipped;60;60;79
10350;31;71400;2213400;8;02.12.2019;2509;Shipped;22;22;79
10359;46;106450;4896700;2;15.12.2019;2497;Shipped;2;2;79
10371;48;56550;2714400;10;23.01.2020;2459;Shipped;38;38;79
10383;29;106450;3087050;13;22.02.2020;2430;Shipped;22;22;79
10395;46;123760;5692960;4;17.03.2020;2407;Shipped;3;3;79
10412;26;133110;3460860;3;03.05.2020;2361;Shipped;22;22;79
10425;18;105330;1895940;2;31.05.2020;2334;In Process;13;13;79
10104;32;53310;1705920;2;31.01.2018;3186;Shipped;22;22;72
10117;21;49210;1033410;11;16.04.2018;3112;Shipped;25;25;72
10127;46;69120;3179520;4;03.06.2018;3065;Shipped;72;72;72
10142;42;49790;2091180;14;08.08.2018;3000;Shipped;38;38;72
10153;31;57410;1779710;13;28.09.2018;2950;Shipped;22;22;72
10165;38;66780;2537640;5;22.10.2018;2927;Shipped;25;25;72
10176;38;64440;2448720;4;06.11.2018;2913;Shipped;68;68;72
10185;20;48620;972400;15;14.11.2018;2906;Shipped;49;49;72
10196;46;62090;2856140;7;26.11.2018;2895;Shipped;33;33;72
10208;30;65610;1968300;15;02.01.2019;2859;Shipped;29;29;72
10220;30;68540;2056200;4;12.02.2019;2819;Shipped;73;73;72
10230;43;52140;2242020;2;15.03.2019;2789;Shipped;70;70;72
10247;49;63850;3128650;4;05.05.2019;2739;Shipped;71;71;72
10272;43;56820;2443260;4;20.07.2019;2664;Shipped;17;17;72
10282;37;66780;2470860;7;20.08.2019;2634;Shipped;38;38;72
10292;35;55070;1927450;1;08.09.2019;2616;Shipped;1;1;72
10306;34;60340;2051560;15;14.10.2019;2581;Shipped;75;75;72
10314;38;61510;2337380;7;22.10.2019;2574;Shipped;76;76;72
10325;44;134840;5932960;7;05.11.2019;2561;Shipped;16;16;72
10337;21;109370;2296770;6;21.11.2019;2546;Shipped;26;26;72
10350;44;147520;6490880;17;02.12.2019;2536;Shipped;22;22;72
10359;25;64930;1623250;4;15.12.2019;2524;Shipped;2;2;72
10372;24;58580;1405920;9;26.01.2020;2483;Shipped;34;34;72
10383;38;60060;2282280;10;22.02.2020;2457;Shipped;22;22;72
10395;45;199490;8977050;3;17.03.2020;2434;Shipped;3;3;72
10413;51;63850;3256350;4;05.05.2020;2386;Shipped;12;12;72
10108;34;82990;2821660;14;03.03.2018;3181;Shipped;64;64;43
10121;44;74850;3293400;1;07.05.2018;3117;Shipped;2;2;43
10135;44;96000;4224000;15;02.07.2018;3062;Shipped;38;38;43
10145;38;81360;3091680;2;25.08.2018;3009;Shipped;4;4;43
10169;48;80550;3866400;10;04.11.2018;2939;Shipped;41;41;43
10180;21;93560;1964760;5;11.11.2018;2933;Shipped;6;6;43
10190;40;66720;2668800;2;19.11.2018;2926;Shipped;22;22;43
10211;40;80550;3222000;10;15.01.2019;2870;Shipped;8;8;43
10224;50;77290;3864500;3;21.02.2019;2834;Shipped;6;6;43
10237;20;68340;1366800;3;05.04.2019;2792;Shipped;10;10;43
10252;48;72410;3475680;7;26.05.2019;2742;Shipped;8;8;43
10264;47;89500;4206500;5;30.06.2019;2708;Shipped;56;56;43
10276;21;70780;1486380;11;02.08.2019;2676;Shipped;69;69;43
10285;39;78920;3077880;2;27.08.2019;2652;Shipped;14;14;43
10299;44;80550;3544200;5;30.09.2019;2619;Shipped;15;15;43
10309;28;88680;2483040;1;15.10.2019;2605;Shipped;16;16;43
10319;45;77290;3478050;6;03.11.2019;2587;Shipped;77;77;43
10331;20;182890;3657800;5;17.11.2019;2574;Shipped;44;44;43
10341;38;123220;4682360;3;24.11.2019;2568;Shipped;18;18;43
10356;26;151450;3937700;4;09.12.2019;2554;Shipped;3;3;43
10365;44;113280;4984320;2;07.01.2020;2526;Shipped;49;49;43
10375;49;110340;5406660;8;03.02.2020;2500;Shipped;13;13;43
10390;22;158690;3491180;13;04.03.2020;2471;Shipped;38;38;43
10403;31;68340;2118540;3;08.04.2020;2437;Shipped;21;21;43
10105;41;70670;2897470;5;11.02.2018;3225;Shipped;47;47;64
10119;25;76670;1916750;14;28.04.2018;3150;Shipped;18;18;64
10129;31;60000;1860000;5;12.06.2018;3106;Shipped;48;48;64
10142;41;64000;2624000;2;08.08.2018;3050;Shipped;38;38;64
10153;43;64670;2780810;1;28.09.2018;3000;Shipped;22;22;64
10167;43;75340;3239620;12;23.10.2018;2976;Cancelled;36;36;64
10177;24;76000;1824000;3;07.11.2018;2962;Shipped;74;74;64
10185;21;54000;1134000;3;14.11.2018;2956;Shipped;49;49;64
10197;23;64670;1487410;9;26.11.2018;2945;Shipped;52;52;64
10208;38;74670;2837460;3;02.01.2019;2909;Shipped;29;29;64
10222;31;62670;1942770;15;19.02.2019;2862;Shipped;53;53;64
10233;36;70670;2544120;3;29.03.2019;2825;Shipped;11;11;64
10248;36;71340;2568240;6;07.05.2019;2787;Cancelled;1;1;64
10261;34;62000;2108000;4;17.06.2019;2747;Shipped;42;42;64
10273;21;65340;1372140;7;21.07.2019;2714;Shipped;54;54;64
10283;45;78670;3540150;9;20.08.2019;2685;Shipped;55;55;64
10295;26;75340;1958840;4;10.09.2019;2665;Shipped;56;56;64
10306;50;54000;2700000;3;14.10.2019;2632;Shipped;75;75;64
10315;41;62000;2542000;2;29.10.2019;2618;Shipped;13;13;64
10326;39;60000;2340000;1;09.11.2019;2608;Shipped;23;23;64
10339;22;128020;2816440;5;23.11.2019;2595;Shipped;34;34;64
10350;46;76670;3526820;11;02.12.2019;2587;Shipped;22;22;64
10373;44;105180;4627920;14;31.01.2020;2528;Shipped;58;58;64
10385;25;77340;1933500;1;28.02.2020;2501;Shipped;38;38;64
10396;39;66670;2600130;1;23.03.2020;2478;Shipped;38;38;64
10414;37;71340;2639580;6;06.05.2020;2435;On Hold;56;56;64
10106;31;106870;3312970;7;17.02.2018;3245;Shipped;84;84;58
10120;47;82210;3863870;13;29.04.2018;3175;Shipped;9;9;58
10133;24;77640;1863360;8;27.06.2018;3117;Shipped;22;22;58
10143;36;109610;3945960;2;10.08.2018;3074;Shipped;49;49;58
10156;48;103210;4954080;2;08.10.2018;3016;Shipped;22;22;58
10168;28;98650;2762200;14;28.10.2018;2997;Shipped;5;5;58
10199;48;83120;3989760;2;01.12.2018;2964;Shipped;31;31;58
10210;21;78550;1649550;12;12.01.2019;2923;Shipped;43;43;58
10223;25;101390;2534750;14;20.02.2019;2885;Shipped;9;9;58
10235;25;103210;2580250;8;02.04.2019;2845;Shipped;55;55;58
10250;31;91340;2831540;9;11.05.2019;2807;Shipped;59;59;58
10262;40;84030;3361200;4;24.06.2019;2764;Cancelled;22;22;58
10275;32;89510;2864320;14;23.07.2019;2736;Shipped;13;13;58
10284;24;83120;1994880;6;21.08.2019;2708;Shipped;83;83;58
10296;42;102300;4296600;2;15.09.2019;2684;Shipped;87;87;58
10308;21;105950;2224950;12;15.10.2019;2655;Shipped;46;46;58
10316;34;82210;2795140;4;01.11.2019;2639;Shipped;57;57;58
10328;27;102300;2762100;8;12.11.2019;2629;Shipped;84;84;58
10340;30;88600;2658000;5;24.11.2019;2618;Shipped;52;52;58
10353;39;129330;5043870;9;04.12.2019;2609;Shipped;86;86;58
10361;20;60540;1210800;4;17.12.2019;2597;Shipped;19;19;58
10375;37;81870;3029190;6;03.02.2020;2550;Shipped;13;13;58
10388;46;218840;10066640;2;03.03.2020;2522;Shipped;20;20;58
10398;47;87690;4121430;6;30.03.2020;2496;Shipped;2;2;58
10401;11;103210;1135310;8;03.04.2020;2493;On Hold;11;11;58
10416;23;91340;2100820;9;10.05.2020;2457;Shipped;68;68;58
10105;29;70150;2034350;12;11.02.2018;3277;Shipped;47;47;67
10117;38;79680;3027840;6;16.04.2018;3214;Shipped;25;25;67
10128;32;97000;3104000;3;06.06.2018;3164;Shipped;22;22;67
10142;43;84010;3612430;9;08.08.2018;3102;Shipped;38;38;67
10153;31;87480;2711880;8;28.09.2018;3052;Shipped;22;22;67
10166;29;103930;3013970;3;21.10.2018;3030;Shipped;20;20;67
10177;31;88340;2738540;10;07.11.2018;3014;Shipped;74;74;67
10185;30;94400;2832000;10;14.11.2018;3008;Shipped;49;49;67
10196;50;94400;4720000;2;26.11.2018;2997;Shipped;33;33;67
10208;40;80550;3222000;10;02.01.2019;2961;Shipped;29;29;67
10221;23;97000;2231000;4;18.02.2019;2915;Shipped;54;54;67
10232;26;88340;2296840;7;20.03.2019;2886;Shipped;57;57;67
10248;40;103930;4157200;13;07.05.2019;2839;Cancelled;1;1;67
10273;21;102200;2146200;14;21.07.2019;2765;Shipped;54;54;67
10282;43;86610;3724230;2;20.08.2019;2736;Shipped;38;38;67
10293;29;71890;2084810;5;09.09.2019;2717;Shipped;35;35;67
10306;38;91810;3488780;10;14.10.2019;2683;Shipped;75;75;67
10314;23;76220;1753060;2;22.10.2019;2676;Shipped;76;76;67
10327;20;173460;3469200;7;10.11.2019;2658;Resolved;47;47;67
10337;36;70300;2530800;9;21.11.2019;2648;Shipped;26;26;67
10350;28;104440;2924320;4;02.12.2019;2638;Shipped;22;22;67
10372;44;102200;4496800;2;26.01.2020;2584;Shipped;34;34;67
10397;32;80550;2577600;5;28.03.2020;2523;Shipped;50;50;67
10414;34;103930;3533620;13;06.05.2020;2485;On Hold;56;56;67
10106;30;105910;3177300;16;17.02.2018;3295;Shipped;84;84;68
10119;29;94140;2730060;7;28.04.2018;3226;Shipped;18;18;68
10131;22;85990;1891780;8;16.06.2018;3178;Shipped;86;86;68
10143;26;100480;2612480;11;10.08.2018;3124;Shipped;49;49;68
10155;32;91430;2925760;9;06.10.2018;3068;Shipped;15;15;68
10167;29;101380;2940020;5;23.10.2018;3052;Cancelled;36;36;68
10178;34;96860;3293240;8;08.11.2018;3037;Shipped;50;50;68
10186;24;99570;2389680;5;14.11.2018;3032;Shipped;51;51;68
10197;24;90520;2172480;2;26.11.2018;3021;Shipped;52;52;68
10222;26;102290;2659540;8;19.02.2019;2937;Shipped;53;53;68
10249;40;95950;3838000;4;08.05.2019;2860;Shipped;32;32;68
10262;44;94140;4142160;13;24.06.2019;2814;Cancelled;22;22;68
10274;24;90520;2172480;5;21.07.2019;2788;Shipped;40;40;68
10283;20;94140;1882800;2;20.08.2019;2759;Shipped;55;55;68
10296;34;102290;3477860;11;15.09.2019;2734;Shipped;87;87;68
10307;34;97760;3323840;5;14.10.2019;2706;Shipped;28;28;68
10316;45;93240;4195800;13;01.11.2019;2689;Shipped;57;57;68
10328;41;101380;4156580;9;12.11.2019;2679;Shipped;84;84;68
10339;55;71250;3918750;15;23.11.2019;2669;Shipped;34;34;68
10352;23;102290;2352670;3;03.12.2019;2660;Shipped;89;89;68
10361;24;45390;1089360;14;17.12.2019;2647;Shipped;19;19;68
10373;32;84410;2701120;15;31.01.2020;2603;Shipped;58;58;68
10386;29;85760;2487040;13;01.03.2020;2574;Resolved;22;22;68
10398;36;108620;3910320;7;30.03.2020;2546;Shipped;2;2;68
10400;46;87800;4038800;5;01.04.2020;2545;Shipped;59;59;68
10415;32;95950;3070400;4;09.05.2020;2508;Disputed;85;85;68
10106;34;110690;3763460;9;17.02.2018;3321;Shipped;84;84;59
10120;24;107700;2584800;15;29.04.2018;3251;Shipped;9;9;59
10131;40;110690;4427600;1;16.06.2018;3204;Shipped;86;86;59
10143;26;82770;2152020;4;10.08.2018;3150;Shipped;49;49;59
10155;20;117670;2353400;2;06.10.2018;3094;Shipped;15;15;59
10168;31;110690;3431390;16;28.10.2018;3073;Shipped;5;5;59
10178;22;87750;1930500;1;08.11.2018;3063;Shipped;50;50;59
10198;42;113680;4774560;1;27.11.2018;3045;Shipped;64;64;59
10210;26;99720;2592720;14;12.01.2019;3000;Shipped;43;43;59
10222;37;87750;3246750;1;19.02.2019;2963;Shipped;53;53;59
10235;38;88750;3372500;10;02.04.2019;2922;Shipped;55;55;59
10250;35;111690;3909150;11;11.05.2019;2884;Shipped;59;59;59
10262;33;90750;2994750;6;24.06.2019;2841;Cancelled;22;22;59
10275;39;114680;4472520;16;23.07.2019;2813;Shipped;13;13;59
10284;45;101710;4576950;8;21.08.2019;2785;Shipped;83;83;59
10296;24;101710;2441040;4;15.09.2019;2761;Shipped;87;87;59
10308;35;88750;3106250;14;15.10.2019;2732;Shipped;46;46;59
10316;23;117670;2706410;6;01.11.2019;2716;Shipped;57;57;59
10328;37;108690;4021530;10;12.11.2019;2706;Shipped;84;84;59
10340;55;87750;4826250;7;24.11.2019;2695;Shipped;52;52;59
10352;49;100720;4935280;2;03.12.2019;2687;Shipped;89;89;59
10361;26;105950;2754700;9;17.12.2019;2674;Shipped;19;19;59
10375;33;116870;3856710;1;03.02.2020;2627;Shipped;13;13;59
10386;37;83840;3102080;14;01.03.2020;2601;Resolved;22;22;59
10398;22;86760;1908720;8;30.03.2020;2573;Shipped;2;2;59
10401;85;88750;7543750;10;03.04.2020;2570;On Hold;11;11;59
10416;22;111690;2457180;11;10.05.2020;2534;Shipped;68;68;59
10105;31;65770;2038870;3;11.02.2018;3354;Shipped;47;47;65
10119;38;65770;2499260;12;28.04.2018;3279;Shipped;18;18;65
10129;45;85290;3838050;3;12.06.2018;3235;Shipped;48;48;65
10143;31;85290;2643990;16;10.08.2018;3177;Shipped;49;49;65
10154;36;64330;2315880;1;02.10.2018;3125;Shipped;78;78;65
10167;46;70110;3225060;10;23.10.2018;3105;Cancelled;36;36;65
10177;32;76620;2451840;1;07.11.2018;3091;Shipped;74;74;65
10185;39;57820;2254980;1;14.11.2018;3085;Shipped;49;49;65
10197;50;78790;3939500;7;26.11.2018;3074;Shipped;52;52;65
10208;46;74450;3424700;1;02.01.2019;3038;Shipped;29;29;65
10222;36;80950;2914200;13;19.02.2019;2991;Shipped;53;53;65
10233;29;82400;2389600;1;29.03.2019;2954;Shipped;11;11;65
10248;32;75890;2428480;4;07.05.2019;2916;Cancelled;1;1;65
10261;44;68670;3021480;2;17.06.2019;2876;Shipped;42;42;65
10273;42;62160;2610720;5;21.07.2019;2843;Shipped;54;54;65
10283;47;65770;3091190;7;20.08.2019;2814;Shipped;55;55;65
10295;44;58550;2576200;2;10.09.2019;2794;Shipped;56;56;65
10306;43;75170;3232310;1;14.10.2019;2761;Shipped;75;75;65
10316;48;74450;3573600;18;01.11.2019;2744;Shipped;57;57;65
10327;21;96310;2022510;1;10.11.2019;2736;Resolved;47;47;65
10339;50;74350;3717500;9;23.11.2019;2724;Shipped;34;34;65
10350;29;75350;2185150;12;02.12.2019;2716;Shipped;22;22;65
10373;41;70330;2883530;16;31.01.2020;2657;Shipped;58;58;65
10386;37;135610;5017570;10;01.03.2020;2628;Resolved;22;22;65
10397;22;66500;1463000;4;28.03.2020;2602;Shipped;50;50;65
10414;31;75890;2352590;4;06.05.2020;2564;On Hold;56;56;65
10103;42;106210;4460820;6;29.01.2018;3393;Shipped;16;16;14
10114;42;113290;4758180;10;01.04.2018;3332;Shipped;60;60;14
10126;45;102160;4597200;6;28.05.2018;3276;Shipped;24;24;14
10140;36;114300;4114800;6;24.07.2018;3220;Shipped;5;5;14
10150;20;105200;2104000;3;19.09.2018;3164;Shipped;25;25;14
10164;39;81930;3195270;4;21.10.2018;3133;Resolved;61;61;14
10175;42;85980;3611160;11;06.11.2018;3118;Shipped;48;48;14
10183;23;86990;2000770;3;13.11.2018;3112;Shipped;28;28;14
10194;26;89010;2314260;6;25.11.2018;3101;Shipped;29;29;14
10206;33;117330;3871890;1;05.12.2018;3092;Shipped;30;30;14
10217;31;88000;2728000;6;04.02.2019;3032;Shipped;63;63;14
10229;50;112280;5614000;11;11.03.2019;2998;Shipped;38;38;14
10245;44;105200;4628800;4;04.05.2019;2945;Shipped;33;33;14
10258;45;80920;3641400;1;15.06.2019;2904;Shipped;34;34;14
10270;46;88000;4048000;4;19.07.2019;2871;Shipped;19;19;14
10281;27;85980;2321460;11;19.08.2019;2841;Shipped;17;17;14
10291;28;116320;3256960;6;08.09.2019;2822;Shipped;36;36;14
10304;40;105200;4208000;1;11.10.2019;2790;Shipped;37;37;14
10313;30;99130;2973900;9;22.10.2019;2780;Shipped;30;30;14
10324;34;124950;4248300;5;05.11.2019;2767;Shipped;10;10;14
10336;46;207800;9558800;2;20.11.2019;2753;Shipped;60;60;14
10348;32;82830;2650560;7;01.11.2019;2773;Shipped;24;24;14
10358;27;139310;3761370;3;10.12.2019;2735;Shipped;22;22;14
10371;34;126510;4301340;3;23.01.2020;2692;Shipped;38;38;14
10382;34;54840;1864560;9;17.02.2020;2668;Shipped;38;38;14
10411;34;105200;3576800;4;01.05.2020;2595;Shipped;42;42;14
10424;46;80920;3722320;1;31.05.2020;2566;In Process;22;22;14
10106;32;124580;3986560;1;17.02.2018;3401;Shipped;84;84;61
10120;24;142380;3417120;7;29.04.2018;3331;Shipped;9;9;61
10133;27;99670;2691090;2;27.06.2018;3273;Shipped;22;22;61
10145;20;137630;2752600;13;25.08.2018;3215;Shipped;4;4;61
10168;36;125770;4527720;8;28.10.2018;3152;Shipped;5;5;61
10188;29;136450;3957050;8;18.11.2018;3132;Shipped;7;7;61
10210;25;112720;2818000;6;12.01.2019;3078;Shipped;43;43;61
10223;29;110340;3199860;8;20.02.2019;3040;Shipped;9;9;61
10235;25;96110;2402750;2;02.04.2019;3000;Shipped;55;55;61
10250;44;137630;6055720;3;11.05.2019;2962;Shipped;59;59;61
10263;47;116280;5465160;9;28.06.2019;2915;Shipped;12;12;61
10275;48;132890;6378720;8;23.07.2019;2891;Shipped;13;13;61
10285;45;119840;5392800;13;27.08.2019;2857;Shipped;14;14;61
10297;35;113900;3986500;3;16.09.2019;2838;Shipped;73;73;61
10308;31;129330;4009230;6;15.10.2019;2810;Shipped;46;46;61
10318;50;142380;7119000;8;02.11.2019;2793;Shipped;17;17;61
10328;33;123400;4072200;11;12.11.2019;2784;Shipped;84;84;61
10340;29;141190;4094510;6;24.11.2019;2773;Shipped;52;52;61
10353;48;68800;3302400;4;04.12.2019;2764;Shipped;86;86;61
10361;44;72420;3186480;5;17.12.2019;2752;Shipped;19;19;61
10375;25;66730;1668250;10;03.02.2020;2705;Shipped;13;13;61
10388;50;143090;7154500;3;03.03.2020;2677;Shipped;20;20;61
10398;23;122210;2810830;9;30.03.2020;2651;Shipped;2;2;61
10401;21;96110;2018310;2;03.04.2020;2648;On Hold;11;11;61
10416;41;137630;5642830;3;10.05.2020;2612;Shipped;68;68;61
10106;44;74400;3273600;8;17.02.2018;3426;Shipped;84;84;56
10120;43;76000;3268000;14;29.04.2018;3356;Shipped;9;9;56
10143;28;96000;2688000;3;10.08.2018;3254;Shipped;49;49;56
10155;43;86400;3715200;1;06.10.2018;3198;Shipped;15;15;56
10168;48;96000;4608000;15;28.10.2018;3177;Shipped;5;5;56
10199;38;82400;3131200;3;01.12.2018;3144;Shipped;31;31;56
10210;31;86400;2678400;13;12.01.2019;3103;Shipped;43;43;56
10223;26;67200;1747200;15;20.02.2019;3065;Shipped;9;9;56
10235;32;92000;2944000;9;02.04.2019;3025;Shipped;55;55;56
10250;44;67200;2956800;10;11.05.2019;2987;Shipped;59;59;56
10262;27;76000;2052000;5;24.06.2019;2944;Cancelled;22;22;56
10275;43;73600;3164800;15;23.07.2019;2916;Shipped;13;13;56
10284;25;69600;1740000;7;21.08.2019;2888;Shipped;83;83;56
10296;22;80800;1777600;3;15.09.2019;2864;Shipped;87;87;56
10308;21;87200;1831200;13;15.10.2019;2835;Shipped;46;46;56
10316;48;75200;3609600;5;01.11.2019;2819;Shipped;57;57;56
10328;33;64000;2112000;13;12.11.2019;2809;Shipped;84;84;56
10341;34;107180;3644120;5;24.11.2019;2798;Shipped;18;18;56
10353;43;81950;3523850;6;04.12.2019;2789;Shipped;86;86;56
10361;44;113680;5001920;10;17.12.2019;2777;Shipped;19;19;56
10375;44;118380;5208720;11;03.02.2020;2730;Shipped;13;13;56
10386;32;94340;3018880;17;01.03.2020;2704;Resolved;22;22;56
10398;29;65600;1902400;10;30.03.2020;2676;Shipped;2;2;56
10401;77;92000;7084000;9;03.04.2020;2673;On Hold;11;11;56
10416;39;67200;2620800;10;10.05.2020;2637;Shipped;68;68;56
10105;39;81140;3164460;6;11.02.2018;3457;Shipped;47;47;70
10118;36;117200;4219200;1;21.04.2018;3389;Shipped;52;52;70
10129;42;91150;3828300;6;12.06.2018;3338;Shipped;48;48;70
10142;21;111190;2334990;3;08.08.2018;3282;Shipped;38;38;70
10153;50;88150;4407500;2;28.09.2018;3232;Shipped;22;22;70
10167;24;117200;2812800;13;23.10.2018;3208;Cancelled;36;36;70
10177;44;92160;4055040;4;07.11.2018;3194;Shipped;74;74;70
10185;37;105180;3891660;4;14.11.2018;3188;Shipped;49;49;70
10197;27;92160;2488320;10;26.11.2018;3177;Shipped;52;52;70
10208;37;120200;4447400;4;02.01.2019;3141;Shipped;29;29;70
10222;38;110190;4187220;16;19.02.2019;3094;Shipped;53;53;70
10232;48;96160;4615680;1;20.03.2019;3066;Shipped;57;57;70
10248;30;108180;3245400;7;07.05.2019;3019;Cancelled;1;1;70
10261;25;88150;2203750;5;17.06.2019;2979;Shipped;42;42;70
10273;40;86150;3446000;8;21.07.2019;2946;Shipped;54;54;70
10283;22;88150;1939300;10;20.08.2019;2917;Shipped;55;55;70
10295;34;102170;3473780;5;10.09.2019;2897;Shipped;56;56;70
10306;32;90150;2884800;4;14.10.2019;2864;Shipped;75;75;70
10315;31;86150;2670650;3;29.10.2019;2850;Shipped;13;13;70
10327;43;80000;3440000;2;10.11.2019;2839;Resolved;47;47;70
10337;31;89380;2770780;1;21.11.2019;2829;Shipped;26;26;70
10350;31;77340;2397540;13;02.12.2019;2819;Shipped;22;22;70
10373;34;96340;3275560;2;31.01.2020;2760;Shipped;58;58;70
10386;45;92080;4143600;2;01.03.2020;2731;Resolved;22;22;70
10397;48;108180;5192640;3;28.03.2020;2705;Shipped;50;50;70
10414;28;108180;3029040;7;06.05.2020;2667;On Hold;56;56;70
10105;22;116190;2556180;7;11.02.2018;3483;Shipped;47;47;69
10117;45;83420;3753900;1;16.04.2018;3420;Shipped;25;25;69
10129;30;85410;2562300;7;12.06.2018;3364;Shipped;48;48;69
10142;38;85410;3245580;4;08.08.2018;3308;Shipped;38;38;69
10153;20;110230;2204600;3;28.09.2018;3258;Shipped;22;22;69
10167;28;107250;3003000;14;23.10.2018;3234;Cancelled;36;36;69
10177;24;105270;2526480;5;07.11.2018;3220;Shipped;74;74;69
10185;22;79450;1747900;5;14.11.2018;3214;Shipped;49;49;69
10197;35;93350;3267250;11;26.11.2018;3203;Shipped;52;52;69
10208;33;85410;2818530;5;02.01.2019;3167;Shipped;29;29;69
10222;31;95340;2955540;17;19.02.2019;3120;Shipped;53;53;69
10232;35;82430;2885050;2;20.03.2019;3092;Shipped;57;57;69
10248;35;90370;3162950;8;07.05.2019;3045;Cancelled;1;1;69
10261;50;81430;4071500;6;17.06.2019;3005;Shipped;42;42;69
10273;26;114210;2969460;9;21.07.2019;2972;Shipped;54;54;69
10283;38;89380;3396440;11;20.08.2019;2943;Shipped;55;55;69
10294;45;104280;4692600;1;10.09.2019;2923;Shipped;69;69;69
10306;30;117190;3515700;5;14.10.2019;2890;Shipped;75;75;69
10315;37;91370;3380690;4;29.10.2019;2876;Shipped;13;13;69
10327;37;86610;3204570;3;10.11.2019;2865;Resolved;47;47;69
10337;36;71890;2588040;7;21.11.2019;2855;Shipped;26;26;69
10350;25;114190;2854750;16;02.12.2019;2845;Shipped;22;22;69
10373;37;108800;4025600;8;31.01.2020;2786;Shipped;58;58;69
10386;30;95480;2864400;3;01.03.2020;2757;Resolved;22;22;69
10397;36;105270;3789720;2;28.03.2020;2731;Shipped;50;50;69
10414;27;90370;2439990;8;06.05.2020;2693;On Hold;56;56;69
10106;48;61440;2949120;10;17.02.2018;3503;Shipped;84;84;55
10119;26;59220;1539720;1;28.04.2018;3434;Shipped;18;18;55
10131;26;85130;2213380;2;16.06.2018;3386;Shipped;86;86;55
10143;34;85870;2919580;5;10.08.2018;3332;Shipped;49;49;55
10155;44;85870;3778280;3;06.10.2018;3276;Shipped;15;15;55
10168;39;82910;3233490;17;28.10.2018;3255;Shipped;5;5;55
10178;45;76250;3431250;2;08.11.2018;3245;Shipped;50;50;55
10198;40;63670;2546800;2;27.11.2018;3227;Shipped;64;64;55
10210;42;70330;2953860;15;12.01.2019;3182;Shipped;43;43;55
10222;43;74030;3183290;2;19.02.2019;3145;Shipped;53;53;55
10235;34;72550;2466700;11;02.04.2019;3104;Shipped;55;55;55
10250;38;62190;2363220;12;11.05.2019;3066;Shipped;59;59;55
10262;35;71070;2487450;7;24.06.2019;3023;Cancelled;22;22;55
10275;31;72550;2249050;17;23.07.2019;2995;Shipped;13;13;55
10284;32;64410;2061120;9;21.08.2019;2967;Shipped;83;83;55
10296;47;86620;4071140;5;15.09.2019;2943;Shipped;87;87;55
10308;39;68110;2656290;15;15.10.2019;2914;Shipped;46;46;55
10316;44;62190;2736360;7;01.11.2019;2898;Shipped;57;57;55
10328;39;85870;3348930;12;12.11.2019;2888;Shipped;84;84;55
10339;50;57860;2893000;8;23.11.2019;2878;Shipped;34;34;55
10352;22;75510;1661220;1;03.12.2019;2869;Shipped;89;89;55
10361;35;122210;4277350;11;17.12.2019;2856;Shipped;19;19;55
10373;45;55620;2502900;17;31.01.2020;2812;Shipped;58;58;55
10386;44;86400;3801600;15;01.03.2020;2783;Resolved;22;22;55
10398;36;87360;3144960;12;30.03.2020;2755;Shipped;2;2;55
10401;28;72550;2031400;11;03.04.2020;2752;On Hold;11;11;55
10416;43;62190;2674170;12;10.05.2020;2716;Shipped;68;68;55
10106;48;52640;2526720;15;17.02.2018;3530;Shipped;84;84;51
10119;28;48170;1348760;6;28.04.2018;3461;Shipped;18;18;51
10131;21;41710;875910;7;16.06.2018;3413;Shipped;86;86;51
10143;37;50650;1874050;10;10.08.2018;3359;Shipped;49;49;51
10155;34;49160;1671440;8;06.10.2018;3303;Shipped;15;15;51
10167;40;41710;1668400;4;23.10.2018;3287;Cancelled;36;36;51
10178;45;51150;2301750;7;08.11.2018;3272;Shipped;50;50;51
10186;28;52140;1459920;4;14.11.2018;3267;Shipped;51;51;51
10197;29;41710;1209590;1;26.11.2018;3256;Shipped;52;52;51
10222;31;45690;1416390;7;19.02.2019;3172;Shipped;53;53;51
10249;32;57610;1843520;3;08.05.2019;3095;Shipped;32;32;51
10262;21;57110;1199310;12;24.06.2019;3049;Cancelled;22;22;51
10274;32;58600;1875200;4;21.07.2019;3023;Shipped;40;40;51
10283;43;57610;2477230;1;20.08.2019;2994;Shipped;55;55;51
10296;21;45190;948990;10;15.09.2019;2969;Shipped;87;87;51
10307;34;53630;1823420;4;14.10.2019;2941;Shipped;28;28;51
10316;34;43700;1485800;12;01.11.2019;2924;Shipped;57;57;51
10329;44;86130;3789720;8;15.11.2019;2911;Shipped;1;1;51
10339;27;76310;2060370;6;23.11.2019;2904;Shipped;34;34;51
10352;49;52640;2579360;4;03.12.2019;2895;Shipped;89;89;51
10361;23;95200;2189600;12;17.12.2019;2882;Shipped;19;19;51
10373;25;64970;1624250;9;31.01.2020;2838;Shipped;58;58;51
10386;50;87150;4357500;16;01.03.2020;2809;Resolved;22;22;51
10398;34;40220;1367480;1;30.03.2020;2781;Shipped;2;2;51
10400;20;56120;1122400;4;01.04.2020;2780;Shipped;59;59;51
10415;42;57610;2419620;3;09.05.2020;2743;Disputed;85;85;51
10105;25;56780;1419500;8;11.02.2018;3562;Shipped;47;47;63
10117;50;43680;2184000;2;16.04.2018;3499;Shipped;25;25;63
10129;32;64970;2079040;8;12.06.2018;3443;Shipped;48;48;63
10142;39;44230;1724970;5;08.08.2018;3387;Shipped;38;38;63
10153;50;60060;3003000;4;28.09.2018;3337;Shipped;22;22;63
10167;38;48590;1846420;15;23.10.2018;3313;Cancelled;36;36;63
10177;40;50230;2009200;6;07.11.2018;3299;Shipped;74;74;63
10185;28;64430;1804040;6;14.11.2018;3293;Shipped;49;49;63
10197;42;50230;2109660;12;26.11.2018;3282;Shipped;52;52;63
10208;42;63880;2682960;6;02.01.2019;3246;Shipped;29;29;63
10222;36;63340;2280240;18;19.02.2019;3199;Shipped;53;53;63
10232;24;49690;1192560;3;20.03.2019;3171;Shipped;57;57;63
10248;23;65520;1506960;9;07.05.2019;3124;Cancelled;1;1;63
10261;29;50780;1472620;7;17.06.2019;3084;Shipped;42;42;63
10273;37;45860;1696820;10;21.07.2019;3051;Shipped;54;54;63
10283;33;51320;1693560;12;20.08.2019;3022;Shipped;55;55;63
10293;32;60060;1921920;1;09.09.2019;3003;Shipped;35;35;63
10306;35;59510;2082850;6;14.10.2019;2969;Shipped;75;75;63
10315;40;55690;2227600;5;29.10.2019;2955;Shipped;13;13;63
10327;37;86740;3209380;4;10.11.2019;2944;Resolved;47;47;63
10337;42;97160;4080720;5;21.11.2019;2934;Shipped;26;26;63
10350;20;112220;2244400;15;02.12.2019;2924;Shipped;22;22;63
10373;29;137190;3978510;1;31.01.2020;2865;Shipped;58;58;63
10386;43;125990;5417570;4;01.03.2020;2836;Resolved;22;22;63
10397;34;62240;2116160;1;28.03.2020;2810;Shipped;50;50;63
10414;47;65520;3079440;9;06.05.2020;2772;On Hold;56;56;63
